node,QS_label,support,qc,qd,qi,qf,count0,count1,count2,sum,prop0,prop1,prop2
1,NA,NA,NA,NA,NA,0.648679679,NA,NA,NA,NA,NA,NA,NA
2,NA,NA,NA,NA,NA,0.760522496,NA,NA,NA,NA,NA,NA,NA
3,NA,NA,NA,NA,NA,0.757697456,NA,NA,NA,NA,NA,NA,NA
4,NA,NA,NA,NA,NA,0.653107345,NA,NA,NA,NA,NA,NA,NA
5,NA,NA,NA,NA,NA,0.754216867,NA,NA,NA,NA,NA,NA,NA
6,NA,NA,NA,NA,NA,0.728144989,NA,NA,NA,NA,NA,NA,NA
7,NA,NA,NA,NA,NA,0.733590734,NA,NA,NA,NA,NA,NA,NA
8,NA,NA,NA,NA,NA,0.716853933,NA,NA,NA,NA,NA,NA,NA
9,NA,NA,NA,NA,NA,0.781289507,NA,NA,NA,NA,NA,NA,NA
10,NA,NA,NA,NA,NA,0.732338308,NA,NA,NA,NA,NA,NA,NA
11,NA,NA,NA,NA,NA,0.756648936,NA,NA,NA,NA,NA,NA,NA
12,NA,NA,NA,NA,NA,0.728476821,NA,NA,NA,NA,NA,NA,NA
13,NA,NA,NA,NA,NA,0.606102635,NA,NA,NA,NA,NA,NA,NA
14,NA,NA,NA,NA,NA,0.524611399,NA,NA,NA,NA,NA,NA,NA
15,NA,NA,NA,NA,NA,0.467675378,NA,NA,NA,NA,NA,NA,NA
16,NA,NA,NA,NA,NA,0.668742217,NA,NA,NA,NA,NA,NA,NA
17,NA,NA,NA,NA,NA,0.552393273,NA,NA,NA,NA,NA,NA,NA
18,NA,NA,NA,NA,NA,0.548476454,NA,NA,NA,NA,NA,NA,NA
19,NA,NA,NA,NA,NA,0.650121065,NA,NA,NA,NA,NA,NA,NA
20,NA,NA,NA,NA,NA,0.494708995,NA,NA,NA,NA,NA,NA,NA
21,NA,NA,NA,NA,NA,0.50229709,NA,NA,NA,NA,NA,NA,NA
22,NA,NA,NA,NA,NA,0.365824308,NA,NA,NA,NA,NA,NA,NA
23,NA,NA,NA,NA,NA,0.603726708,NA,NA,NA,NA,NA,NA,NA
24,NA,NA,NA,NA,NA,0.566433566,NA,NA,NA,NA,NA,NA,NA
25,NA,NA,NA,NA,NA,0.404915912,NA,NA,NA,NA,NA,NA,NA
26,NA,NA,NA,NA,NA,0.404678363,NA,NA,NA,NA,NA,NA,NA
27,NA,NA,NA,NA,NA,0.553140097,NA,NA,NA,NA,NA,NA,NA
28,NA,NA,NA,NA,NA,0.557598039,NA,NA,NA,NA,NA,NA,NA
29,NA,NA,NA,NA,NA,0.398816568,NA,NA,NA,NA,NA,NA,NA
30,NA,NA,NA,NA,NA,0.403874814,NA,NA,NA,NA,NA,NA,NA
31,NA,NA,NA,NA,NA,0.465432099,NA,NA,NA,NA,NA,NA,NA
32,NA,NA,NA,NA,NA,0.584285714,NA,NA,NA,NA,NA,NA,NA
33,NA,NA,NA,NA,NA,0.459090909,NA,NA,NA,NA,NA,NA,NA
34,NA,NA,NA,NA,NA,0.374285714,NA,NA,NA,NA,NA,NA,NA
35,NA,NA,NA,NA,NA,0.389659521,NA,NA,NA,NA,NA,NA,NA
36,NA,NA,NA,NA,NA,0.496996997,NA,NA,NA,NA,NA,NA,NA
37,NA,NA,NA,NA,NA,0.611320755,NA,NA,NA,NA,NA,NA,NA
38,NA,NA,NA,NA,NA,0.436018957,NA,NA,NA,NA,NA,NA,NA
39,NA,NA,NA,NA,NA,0.370420624,NA,NA,NA,NA,NA,NA,NA
40,NA,NA,NA,NA,NA,0.545454545,NA,NA,NA,NA,NA,NA,NA
41,NA,NA,NA,NA,NA,0.470728793,NA,NA,NA,NA,NA,NA,NA
42,NA,NA,NA,NA,NA,0.389518414,NA,NA,NA,NA,NA,NA,NA
43,NA,NA,NA,NA,NA,0.629518072,NA,NA,NA,NA,NA,NA,NA
44,NA,NA,NA,NA,NA,0.64893617,NA,NA,NA,NA,NA,NA,NA
45,NA,NA,NA,NA,NA,0.496902107,NA,NA,NA,NA,NA,NA,NA
46,NA,NA,NA,NA,NA,0.309267241,NA,NA,NA,NA,NA,NA,NA
47,NA,NA,NA,NA,NA,0.460358056,NA,NA,NA,NA,NA,NA,NA
48,NA,NA,NA,NA,NA,0.640836408,NA,NA,NA,NA,NA,NA,NA
49,NA,NA,NA,NA,NA,0.41301059,NA,NA,NA,NA,NA,NA,NA
50,NA,NA,NA,NA,NA,0.631178707,NA,NA,NA,NA,NA,NA,NA
51,NA,NA,NA,NA,NA,0.391252955,NA,NA,NA,NA,NA,NA,NA
52,NA,NA,NA,NA,NA,0.493386243,NA,NA,NA,NA,NA,NA,NA
53,NA,NA,NA,NA,NA,0.494179894,NA,NA,NA,NA,NA,NA,NA
54,NA,NA,NA,NA,NA,0.537834692,NA,NA,NA,NA,NA,NA,NA
55,NA,NA,NA,NA,NA,0.402885683,NA,NA,NA,NA,NA,NA,NA
56,NA,NA,NA,NA,NA,0.60518732,NA,NA,NA,NA,NA,NA,NA
57,NA,NA,NA,NA,NA,0.400238949,NA,NA,NA,NA,NA,NA,NA
58,NA,NA,NA,NA,NA,0.388646288,NA,NA,NA,NA,NA,NA,NA
59,NA,NA,NA,NA,NA,0.477132262,NA,NA,NA,NA,NA,NA,NA
60,NA,NA,NA,NA,NA,0.413793103,NA,NA,NA,NA,NA,NA,NA
61,NA,NA,NA,NA,NA,0.469413233,NA,NA,NA,NA,NA,NA,NA
62,NA,NA,NA,NA,NA,0.33512786,NA,NA,NA,NA,NA,NA,NA
63,NA,NA,NA,NA,NA,0.502805836,NA,NA,NA,NA,NA,NA,NA
64,NA,NA,NA,NA,NA,0.57203842,NA,NA,NA,NA,NA,NA,NA
65,NA,NA,NA,NA,NA,0.512971698,NA,NA,NA,NA,NA,NA,NA
66,NA,NA,NA,NA,NA,0.583647799,NA,NA,NA,NA,NA,NA,NA
67,NA,NA,NA,NA,NA,0.605781866,NA,NA,NA,NA,NA,NA,NA
68,NA,NA,NA,NA,NA,0.60978836,NA,NA,NA,NA,NA,NA,NA
69,NA,NA,NA,NA,NA,0.704735376,NA,NA,NA,NA,NA,NA,NA
70,NA,NA,NA,NA,NA,0.385350318,NA,NA,NA,NA,NA,NA,NA
71,NA,NA,NA,NA,NA,0.428891377,NA,NA,NA,NA,NA,NA,NA
72,NA,NA,NA,NA,NA,0.611995104,NA,NA,NA,NA,NA,NA,NA
73,NA,NA,NA,NA,NA,0.508379888,NA,NA,NA,NA,NA,NA,NA
74,NA,NA,NA,NA,NA,0.414835165,NA,NA,NA,NA,NA,NA,NA
75,NA,NA,NA,NA,NA,0.481751825,NA,NA,NA,NA,NA,NA,NA
76,NA,NA,NA,NA,NA,0.422969188,NA,NA,NA,NA,NA,NA,NA
77,NA,NA,NA,NA,NA,0.483119907,NA,NA,NA,NA,NA,NA,NA
78,NA,NA,NA,NA,NA,0.484480432,NA,NA,NA,NA,NA,NA,NA
79,NA,NA,NA,NA,NA,0.530851064,NA,NA,NA,NA,NA,NA,NA
80,NA,NA,NA,NA,NA,0.6097867,NA,NA,NA,NA,NA,NA,NA
81,NA,NA,NA,NA,NA,0.377380952,NA,NA,NA,NA,NA,NA,NA
82,NA,NA,NA,NA,NA,0.482306684,NA,NA,NA,NA,NA,NA,NA
83,NA,NA,NA,NA,NA,0.629685157,NA,NA,NA,NA,NA,NA,NA
84,NA,NA,NA,NA,NA,0.396204033,NA,NA,NA,NA,NA,NA,NA
85,NA,NA,NA,NA,NA,0.512562814,NA,NA,NA,NA,NA,NA,NA
86,NA,NA,NA,NA,NA,0.406374502,NA,NA,NA,NA,NA,NA,NA
87,NA,NA,NA,NA,NA,0.518567639,NA,NA,NA,NA,NA,NA,NA
88,NA,NA,NA,NA,NA,0.495821727,NA,NA,NA,NA,NA,NA,NA
89,NA,NA,NA,NA,NA,0.46631016,NA,NA,NA,NA,NA,NA,NA
90,NA,NA,NA,NA,NA,0.642231947,NA,NA,NA,NA,NA,NA,NA
91,NA,NA,NA,NA,NA,0.431054461,NA,NA,NA,NA,NA,NA,NA
92,NA,NA,NA,NA,NA,0.466666667,NA,NA,NA,NA,NA,NA,NA
93,NA,NA,NA,NA,NA,0.369158879,NA,NA,NA,NA,NA,NA,NA
94,NA,NA,NA,NA,NA,0.435462842,NA,NA,NA,NA,NA,NA,NA
95,NA,NA,NA,NA,NA,0.347098214,NA,NA,NA,NA,NA,NA,NA
96,NA,NA,NA,NA,NA,0.551480959,NA,NA,NA,NA,NA,NA,NA
97,NA,NA,NA,NA,NA,0.60251046,NA,NA,NA,NA,NA,NA,NA
98,NA,NA,NA,NA,NA,0.435761589,NA,NA,NA,NA,NA,NA,NA
99,NA,NA,NA,NA,NA,0.668280872,NA,NA,NA,NA,NA,NA,NA
100,NA,NA,NA,NA,NA,0.365079365,NA,NA,NA,NA,NA,NA,NA
101,NA,NA,NA,NA,NA,0.543589744,NA,NA,NA,NA,NA,NA,NA
102,NA,NA,NA,NA,NA,0.439153439,NA,NA,NA,NA,NA,NA,NA
103,NA,NA,NA,NA,NA,0.380758808,NA,NA,NA,NA,NA,NA,NA
104,NA,NA,NA,NA,NA,0.530410184,NA,NA,NA,NA,NA,NA,NA
105,NA,NA,NA,NA,NA,0.648170012,NA,NA,NA,NA,NA,NA,NA
106,NA,NA,NA,NA,NA,0.662371134,NA,NA,NA,NA,NA,NA,NA
107,NA,NA,NA,NA,NA,0.326405868,NA,NA,NA,NA,NA,NA,NA
108,NA,NA,NA,NA,NA,0.401592719,NA,NA,NA,NA,NA,NA,NA
109,NA,NA,NA,NA,NA,0.32884097,NA,NA,NA,NA,NA,NA,NA
110,NA,NA,NA,NA,NA,0.449275362,NA,NA,NA,NA,NA,NA,NA
111,NA,NA,NA,NA,NA,0.396745932,NA,NA,NA,NA,NA,NA,NA
112,NA,NA,NA,NA,NA,0.438278596,NA,NA,NA,NA,NA,NA,NA
113,NA,NA,NA,NA,NA,0.52200489,NA,NA,NA,NA,NA,NA,NA
114,NA,NA,NA,NA,NA,0.393831554,NA,NA,NA,NA,NA,NA,NA
115,NA,NA,NA,NA,NA,0.515424165,NA,NA,NA,NA,NA,NA,NA
116,NA,NA,NA,NA,NA,0.505037783,NA,NA,NA,NA,NA,NA,NA
117,NA,NA,NA,NA,NA,0.313432836,NA,NA,NA,NA,NA,NA,NA
118,NA,NA,NA,NA,NA,0.43,NA,NA,NA,NA,NA,NA,NA
119,NA,NA,NA,NA,NA,0.373937677,NA,NA,NA,NA,NA,NA,NA
120,NA,NA,NA,NA,NA,0.586065574,NA,NA,NA,NA,NA,NA,NA
121,NA,NA,NA,NA,NA,0.62991128,NA,NA,NA,NA,NA,NA,NA
122,NA,NA,NA,NA,NA,0.548472776,NA,NA,NA,NA,NA,NA,NA
123,NA,NA,NA,NA,NA,0.383124287,NA,NA,NA,NA,NA,NA,NA
124,NA,NA,NA,NA,NA,0.501329787,NA,NA,NA,NA,NA,NA,NA
125,NA,NA,NA,NA,NA,0.34030837,NA,NA,NA,NA,NA,NA,NA
126,NA,NA,NA,NA,NA,0.498727735,NA,NA,NA,NA,NA,NA,NA
127,NA,NA,NA,NA,NA,0.484510533,NA,NA,NA,NA,NA,NA,NA
128,NA,NA,NA,NA,NA,0.443772672,NA,NA,NA,NA,NA,NA,NA
129,NA,NA,NA,NA,NA,0.607427056,NA,NA,NA,NA,NA,NA,NA
130,NA,NA,NA,NA,NA,0.532147743,NA,NA,NA,NA,NA,NA,NA
131,NA,NA,NA,NA,NA,0.381305638,NA,NA,NA,NA,NA,NA,NA
132,NA,NA,NA,NA,NA,0.497652582,NA,NA,NA,NA,NA,NA,NA
133,NA,NA,NA,NA,NA,0.417142857,NA,NA,NA,NA,NA,NA,NA
134,NA,NA,NA,NA,NA,0.334293948,NA,NA,NA,NA,NA,NA,NA
135,NA,NA,NA,NA,NA,0.645314353,NA,NA,NA,NA,NA,NA,NA
136,NA,NA,NA,NA,NA,0.596962617,NA,NA,NA,NA,NA,NA,NA
137,NA,NA,NA,NA,NA,0.50125,NA,NA,NA,NA,NA,NA,NA
138,NA,NA,NA,NA,NA,0.591315453,NA,NA,NA,NA,NA,NA,NA
139,NA,NA,NA,NA,NA,0.427536232,NA,NA,NA,NA,NA,NA,NA
140,NA,NA,NA,NA,NA,0.487898089,NA,NA,NA,NA,NA,NA,NA
141,NA,NA,NA,NA,NA,0.449315068,NA,NA,NA,NA,NA,NA,NA
142,NA,NA,NA,NA,NA,0.557636888,NA,NA,NA,NA,NA,NA,NA
143,NA,NA,NA,NA,NA,0.470525188,NA,NA,NA,NA,NA,NA,NA
144,NA,NA,NA,NA,NA,0.360148515,NA,NA,NA,NA,NA,NA,NA
145,NA,NA,NA,NA,NA,0.586538462,NA,NA,NA,NA,NA,NA,NA
146,NA,NA,NA,NA,NA,0.244365362,NA,NA,NA,NA,NA,NA,NA
147,NA,NA,NA,NA,NA,0.504504505,NA,NA,NA,NA,NA,NA,NA
148,NA,NA,NA,NA,NA,0.448101266,NA,NA,NA,NA,NA,NA,NA
149,NA,NA,NA,NA,NA,0.331557923,NA,NA,NA,NA,NA,NA,NA
150,NA,NA,NA,NA,NA,0.322727273,NA,NA,NA,NA,NA,NA,NA
151,NA,NA,NA,NA,NA,0.343541944,NA,NA,NA,NA,NA,NA,NA
152,NA,NA,NA,NA,NA,0.399098083,NA,NA,NA,NA,NA,NA,NA
153,NA,NA,NA,NA,NA,0.523447402,NA,NA,NA,NA,NA,NA,NA
154,NA,NA,NA,NA,NA,0.401960784,NA,NA,NA,NA,NA,NA,NA
155,NA,NA,NA,NA,NA,0.548642534,NA,NA,NA,NA,NA,NA,NA
156,NA,NA,NA,NA,NA,0.423298731,NA,NA,NA,NA,NA,NA,NA
157,NA,NA,NA,NA,NA,0.420977011,NA,NA,NA,NA,NA,NA,NA
158,NA,NA,NA,NA,NA,0.354054054,NA,NA,NA,NA,NA,NA,NA
159,NA,NA,NA,NA,NA,0.559943583,NA,NA,NA,NA,NA,NA,NA
160,NA,NA,NA,NA,NA,0.566529492,NA,NA,NA,NA,NA,NA,NA
161,NA,NA,NA,NA,NA,0.423655914,NA,NA,NA,NA,NA,NA,NA
162,NA,NA,NA,NA,NA,0.457142857,NA,NA,NA,NA,NA,NA,NA
163,NA,NA,NA,NA,NA,0.572433193,NA,NA,NA,NA,NA,NA,NA
164,NA,NA,NA,NA,NA,0.573923166,NA,NA,NA,NA,NA,NA,NA
165,NA,NA,NA,NA,NA,0.369688385,NA,NA,NA,NA,NA,NA,NA
166,NA,NA,NA,NA,NA,0.404208195,NA,NA,NA,NA,NA,NA,NA
167,NA,NA,NA,NA,NA,0.581205312,NA,NA,NA,NA,NA,NA,NA
168,NA,NA,NA,NA,NA,0.556470588,NA,NA,NA,NA,NA,NA,NA
169,NA,NA,NA,NA,NA,0.553333333,NA,NA,NA,NA,NA,NA,NA
170,NA,NA,NA,NA,NA,0.539007092,NA,NA,NA,NA,NA,NA,NA
171,NA,NA,NA,NA,NA,0.545691906,NA,NA,NA,NA,NA,NA,NA
172,NA,NA,NA,NA,NA,0.562268804,NA,NA,NA,NA,NA,NA,NA
173,NA,NA,NA,NA,NA,0.483960948,NA,NA,NA,NA,NA,NA,NA
174,NA,NA,NA,NA,NA,0.545243619,NA,NA,NA,NA,NA,NA,NA
175,NA,NA,NA,NA,NA,0.648979592,NA,NA,NA,NA,NA,NA,NA
176,NA,NA,NA,NA,NA,0.538147139,NA,NA,NA,NA,NA,NA,NA
177,NA,NA,NA,NA,NA,0.423929099,NA,NA,NA,NA,NA,NA,NA
178,NA,NA,NA,NA,NA,0.429620563,NA,NA,NA,NA,NA,NA,NA
179,NA,NA,NA,NA,NA,0.392038601,NA,NA,NA,NA,NA,NA,NA
180,NA,NA,NA,NA,NA,0.3546875,NA,NA,NA,NA,NA,NA,NA
181,NA,NA,NA,NA,NA,0.384843982,NA,NA,NA,NA,NA,NA,NA
182,NA,NA,NA,NA,NA,0.605425401,NA,NA,NA,NA,NA,NA,NA
183,NA,NA,NA,NA,NA,0.361613352,NA,NA,NA,NA,NA,NA,NA
184,NA,NA,NA,NA,NA,0.536458333,NA,NA,NA,NA,NA,NA,NA
185,NA,NA,NA,NA,NA,0.477852349,NA,NA,NA,NA,NA,NA,NA
186,NA,NA,NA,NA,NA,0.419235512,NA,NA,NA,NA,NA,NA,NA
187,NA,NA,NA,NA,NA,0.388379205,NA,NA,NA,NA,NA,NA,NA
188,NA,NA,NA,NA,NA,0.77482679,NA,NA,NA,NA,NA,NA,NA
189,NA,NA,NA,NA,NA,0.409796894,NA,NA,NA,NA,NA,NA,NA
190,NA,NA,NA,NA,NA,0.457420925,NA,NA,NA,NA,NA,NA,NA
191,NA,NA,NA,NA,NA,0.408588957,NA,NA,NA,NA,NA,NA,NA
192,NA,NA,NA,NA,NA,0.49882904,NA,NA,NA,NA,NA,NA,NA
193,NA,NA,NA,NA,NA,0.509408602,NA,NA,NA,NA,NA,NA,NA
194,NA,NA,NA,NA,NA,0.38238573,NA,NA,NA,NA,NA,NA,NA
195,NA,NA,NA,NA,NA,0.604116223,NA,NA,NA,NA,NA,NA,NA
196,NA,NA,NA,NA,NA,0.630044843,NA,NA,NA,NA,NA,NA,NA
197,NA,NA,NA,NA,NA,0.614371257,NA,NA,NA,NA,NA,NA,NA
198,NA,NA,NA,NA,NA,0.702205882,NA,NA,NA,NA,NA,NA,NA
199,NA,NA,NA,NA,NA,0.668926554,NA,NA,NA,NA,NA,NA,NA
200,NA,NA,NA,NA,NA,0.384962406,NA,NA,NA,NA,NA,NA,NA
201,NA,NA,NA,NA,NA,0.65781084,NA,NA,NA,NA,NA,NA,NA
202,NA,NA,NA,NA,NA,0.448529412,NA,NA,NA,NA,NA,NA,NA
203,NA,NA,NA,NA,NA,0.56898288,NA,NA,NA,NA,NA,NA,NA
204,NA,NA,NA,NA,NA,0.366492147,NA,NA,NA,NA,NA,NA,NA
205,NA,NA,NA,NA,NA,0.739659367,NA,NA,NA,NA,NA,NA,NA
206,NA,NA,NA,NA,NA,0.760199005,NA,NA,NA,NA,NA,NA,NA
207,NA,NA,NA,NA,NA,0.599045346,NA,NA,NA,NA,NA,NA,NA
208,NA,NA,NA,NA,NA,0.623361144,NA,NA,NA,NA,NA,NA,NA
209,NA,NA,NA,NA,NA,0.602325581,NA,NA,NA,NA,NA,NA,NA
210,NA,NA,NA,NA,NA,0.366176471,NA,NA,NA,NA,NA,NA,NA
211,NA,NA,NA,NA,NA,0.643610785,NA,NA,NA,NA,NA,NA,NA
212,NA,NA,NA,NA,NA,0.65433526,NA,NA,NA,NA,NA,NA,NA
213,NA,NA,NA,NA,NA,0.486454653,NA,NA,NA,NA,NA,NA,NA
214,NA,NA,NA,NA,NA,0.391724138,NA,NA,NA,NA,NA,NA,NA
215,NA,NA,NA,NA,NA,0.454444444,NA,NA,NA,NA,NA,NA,NA
216,NA,NA,NA,NA,NA,0.345730028,NA,NA,NA,NA,NA,NA,NA
217,NA,NA,NA,NA,NA,0.423475259,NA,NA,NA,NA,NA,NA,NA
218,NA,NA,NA,NA,NA,0.532684284,NA,NA,NA,NA,NA,NA,NA
219,NA,NA,NA,NA,NA,0.478082192,NA,NA,NA,NA,NA,NA,NA
220,NA,NA,NA,NA,NA,0.446896552,NA,NA,NA,NA,NA,NA,NA
221,NA,NA,NA,NA,NA,0.691437803,NA,NA,NA,NA,NA,NA,NA
222,NA,NA,NA,NA,NA,0.679796696,NA,NA,NA,NA,NA,NA,NA
223,NA,NA,NA,NA,NA,0.646606914,NA,NA,NA,NA,NA,NA,NA
224,NA,NA,NA,NA,NA,0.652892562,NA,NA,NA,NA,NA,NA,NA
225,NA,NA,NA,NA,NA,0.475271411,NA,NA,NA,NA,NA,NA,NA
226,NA,NA,NA,NA,NA,0.449152542,NA,NA,NA,NA,NA,NA,NA
227,NA,NA,NA,NA,NA,0.517361111,NA,NA,NA,NA,NA,NA,NA
228,NA,NA,NA,NA,NA,0.559859155,NA,NA,NA,NA,NA,NA,NA
229,NA,NA,NA,NA,NA,0.330708661,NA,NA,NA,NA,NA,NA,NA
230,NA,NA,NA,NA,NA,0.612469438,NA,NA,NA,NA,NA,NA,NA
231,NA,NA,NA,NA,NA,0.683890578,NA,NA,NA,NA,NA,NA,NA
232,NA,NA,NA,NA,NA,0.684705882,NA,NA,NA,NA,NA,NA,NA
233,NA,NA,NA,NA,NA,0.566210046,NA,NA,NA,NA,NA,NA,NA
234,NA,NA,NA,NA,NA,0.561771562,NA,NA,NA,NA,NA,NA,NA
235,NA,NA,NA,NA,NA,0.450255102,NA,NA,NA,NA,NA,NA,NA
236,NA,NA,NA,NA,NA,0.459259259,NA,NA,NA,NA,NA,NA,NA
237,NA,NA,NA,NA,NA,0.397832817,NA,NA,NA,NA,NA,NA,NA
238,NA,NA,NA,NA,NA,0.514473684,NA,NA,NA,NA,NA,NA,NA
239,NA,NA,NA,NA,NA,0.409984871,NA,NA,NA,NA,NA,NA,NA
240,NA,NA,NA,NA,NA,0.609014675,NA,NA,NA,NA,NA,NA,NA
241,NA,NA,NA,NA,NA,0.805333333,NA,NA,NA,NA,NA,NA,NA
242,NA,NA,NA,NA,NA,0.586810229,NA,NA,NA,NA,NA,NA,NA
243,NA,NA,NA,NA,NA,NA,NA,NA,NA,NA,NA,NA,NA
244,1,1,1,NA,1,NA,200,0,0,200,1,0,0
245,2,0.43,0.43,0.84,0.8,NA,128,13,18,159,0.805031447,0.081761006,0.113207547
246,3,0.56,0.56,0.88,0.95,NA,165,14,11,190,0.868421053,0.073684211,0.057894737
247,4,0.64,0.64,0.57,0.99,NA,178,15,6,199,0.894472362,0.075376884,0.030150754
248,5,0.0051,0.0051,0.95,0.88,NA,67,57,52,176,0.380681818,0.323863636,0.295454545
249,6,0.002,0.002,0.98,0.86,NA,63,54,56,173,0.36416185,0.312138728,0.323699422
250,7,0.1,0.1,0.46,0.92,NA,82,78,23,183,0.448087432,0.426229508,0.12568306
251,8,0.016,0.016,0.86,0.94,NA,76,48,63,187,0.406417112,0.256684492,0.336898396
252,9,0.039,0.039,0.93,0.94,NA,89,46,53,188,0.473404255,0.244680851,0.281914894
253,10,-0.0013,-0.0013,0.94,0.94,NA,63,66,58,187,0.336898396,0.352941176,0.310160428
254,11,-0.0089,-0.0089,0.83,0.93,NA,65,50,70,185,0.351351351,0.27027027,0.378378378
255,12,0.038,0.038,0.95,0.95,NA,90,48,53,191,0.471204188,0.251308901,0.277486911
256,13,0.0019,0.0019,0.94,0.97,NA,69,66,59,194,0.355670103,0.340206186,0.304123711
257,14,-0.0075,-0.0075,0.84,0.95,NA,63,54,74,191,0.329842932,0.282722513,0.387434555
258,15,0.015,0.015,0.96,0.96,NA,81,54,58,193,0.419689119,0.279792746,0.300518135
259,16,-0.2,-0.2,0.28,0.96,NA,51,20,121,192,0.265625,0.104166667,0.630208333
260,17,-0.17,-0.17,0.36,0.97,NA,48,120,26,194,0.24742268,0.618556701,0.134020619
261,18,-0.00023,-0.00023,0.98,0.94,NA,62,62,65,189,0.328042328,0.328042328,0.343915344
262,19,-0.03,-0.03,0.71,0.96,NA,75,76,42,193,0.388601036,0.393782383,0.21761658
263,20,-0.12,-0.12,0.87,0.99,NA,24,76,98,198,0.121212121,0.383838384,0.494949495
264,21,0.36,0.36,0.4,0.96,NA,143,40,10,193,0.740932642,0.207253886,0.051813472
265,22,0.026,0.026,0.82,0.88,NA,75,59,41,175,0.428571429,0.337142857,0.234285714
266,23,-0.059,-0.059,0.59,0.97,NA,56,41,97,194,0.288659794,0.211340206,0.5
267,24,0.24,0.24,0.17,0.98,NA,103,8,85,196,0.525510204,0.040816327,0.433673469
268,25,0.056,0.056,0.64,0.94,NA,83,72,34,189,0.439153439,0.380952381,0.17989418
269,26,-0.057,-0.057,0.88,0.98,NA,36,70,90,196,0.183673469,0.357142857,0.459183673
270,27,0.31,0.31,0.065,0.94,NA,96,89,3,188,0.510638298,0.473404255,0.015957447
271,28,-0.093,-0.093,0,0.93,NA,60,126,0,186,0.322580645,0.677419355,0
272,29,0.043,0.043,0.71,0.95,NA,83,69,38,190,0.436842105,0.363157895,0.2
273,30,-0.41,-0.41,0.056,0.94,NA,45,4,139,188,0.239361702,0.021276596,0.739361702
274,31,-0.082,-0.082,0.54,0.95,NA,51,38,102,191,0.267015707,0.19895288,0.534031414
275,32,0.67,0.67,0,0.99,NA,186,0,12,198,0.939393939,0,0.060606061
276,33,0.43,0.43,0.13,0.91,NA,135,3,43,181,0.745856354,0.016574586,0.237569061
277,34,-0.0025,-0.0025,0.93,0.91,NA,57,58,67,182,0.313186813,0.318681319,0.368131868
278,35,0.014,0.014,0.86,0.87,NA,69,60,45,174,0.396551724,0.344827586,0.25862069
279,36,0.1,0.1,0.78,0.92,NA,101,50,32,183,0.551912568,0.273224044,0.174863388
280,37,-0.72,-0.72,0.054,0.97,NA,9,5,181,195,0.046153846,0.025641026,0.928205128
281,38,-0.091,-0.091,0.47,0.95,NA,63,30,98,191,0.329842932,0.157068063,0.513089005
282,39,0.11,0.11,1,0.95,NA,108,41,41,190,0.568421053,0.215789474,0.215789474
283,40,-0.37,-0.37,0.15,0.96,NA,35,12,145,192,0.182291667,0.0625,0.755208333
284,41,-0.31,-0.31,0.72,0.98,NA,5,69,123,197,0.025380711,0.350253807,0.624365482
285,42,0.015,0.015,0.81,0.98,NA,75,72,49,196,0.382653061,0.367346939,0.25
286,43,-0.44,-0.44,0.014,0.96,NA,52,1,139,192,0.270833333,0.005208333,0.723958333
287,44,-0.024,-0.024,0.8,0.95,NA,50,56,84,190,0.263157895,0.294736842,0.442105263
288,45,0.025,0.025,0.79,0.93,NA,77,66,43,186,0.413978495,0.35483871,0.231182796
289,46,0.017,0.017,0.98,0.96,NA,82,56,54,192,0.427083333,0.291666667,0.28125
290,47,-0.67,-0.67,0.044,0.98,NA,15,4,178,197,0.076142132,0.020304569,0.903553299
291,48,0.65,0.65,0.5,1,NA,180,5,15,200,0.9,0.025,0.075
292,49,-0.33,-0.33,0.23,0.88,NA,28,130,17,175,0.16,0.742857143,0.097142857
293,50,-0.0024,-0.0024,0.97,0.94,NA,57,64,68,189,0.301587302,0.338624339,0.35978836
294,51,0.16,0.16,0.37,0.94,NA,97,17,75,189,0.513227513,0.08994709,0.396825397
295,52,-0.035,-0.035,0.8,0.94,NA,44,86,57,187,0.235294118,0.459893048,0.304812834
296,53,0.69,0.69,0.47,0.97,NA,177,4,13,194,0.912371134,0.020618557,0.067010309
297,54,-0.54,-0.54,0.34,0.99,NA,2,33,164,199,0.010050251,0.165829146,0.824120603
298,55,0.17,0.17,0.33,0.96,NA,97,80,16,193,0.502590674,0.414507772,0.082901554
299,56,0.82,0.82,0.22,0.98,NA,187,1,8,196,0.954081633,0.005102041,0.040816327
300,57,0.016,0.016,0.99,0.94,NA,80,55,54,189,0.423280423,0.291005291,0.285714286
301,58,0.05,0.05,1,0.95,NA,94,48,48,190,0.494736842,0.252631579,0.252631579
302,59,-0.076,-0.076,0.52,0.92,NA,59,92,32,183,0.322404372,0.50273224,0.174863388
303,60,0.36,0.36,0,0.94,NA,158,0,31,189,0.835978836,0,0.164021164
304,61,-0.066,-0.066,0.89,0.94,NA,32,87,70,189,0.169312169,0.46031746,0.37037037
305,62,-0.096,-0.096,0.54,0.96,NA,45,40,107,192,0.234375,0.208333333,0.557291667
306,63,0.053,0.053,0.61,0.97,NA,80,35,79,194,0.412371134,0.180412371,0.407216495
307,64,-0.0029,-0.0029,0.9,0.94,NA,64,68,56,188,0.340425532,0.361702128,0.29787234
308,65,0.74,0.74,0.46,0.97,NA,182,3,10,195,0.933333333,0.015384615,0.051282051
309,66,0.22,0.22,0.42,0.96,NA,120,57,15,192,0.625,0.296875,0.078125
310,67,-0.34,-0.34,0.02,0.97,NA,96,1,97,194,0.494845361,0.005154639,0.5
311,68,0.21,0.21,0.97,0.92,NA,122,32,30,184,0.663043478,0.173913043,0.163043478
312,69,0.017,0.017,0.8,0.88,NA,68,43,65,176,0.386363636,0.244318182,0.369318182
313,70,0.0072,0.0072,0.97,0.93,NA,73,58,55,186,0.392473118,0.311827957,0.295698925
314,71,0.048,0.048,0.72,0.92,NA,83,36,64,183,0.453551913,0.196721311,0.349726776
315,72,-0.075,-0.075,0.65,0.93,NA,40,47,98,185,0.216216216,0.254054054,0.52972973
316,73,0.076,0.076,0.69,0.96,NA,96,63,33,192,0.5,0.328125,0.171875
317,74,-0.017,-0.017,0.77,0.94,NA,69,73,46,188,0.367021277,0.388297872,0.244680851
318,75,0.29,0.29,0.12,0.98,NA,113,78,5,196,0.576530612,0.397959184,0.025510204
319,76,-0.28,-0.28,0.25,0.97,NA,37,138,20,195,0.18974359,0.707692308,0.102564103
320,77,-0.2,-0.2,0.26,0.93,NA,54,17,114,185,0.291891892,0.091891892,0.616216216
321,78,0.63,0.63,0,0.98,NA,183,14,0,197,0.92893401,0.07106599,0
322,79,0.79,0.79,0.18,0.99,NA,187,1,10,198,0.944444444,0.005050505,0.050505051
323,80,-0.033,-0.033,0.69,0.91,NA,54,83,44,181,0.298342541,0.458563536,0.243093923
324,81,0.17,0.17,0.78,0.92,NA,114,27,42,183,0.62295082,0.147540984,0.229508197
325,82,0.62,0.62,0.35,0.96,NA,170,4,19,193,0.880829016,0.020725389,0.098445596
326,83,-0.16,-0.16,0.31,0.89,NA,80,15,83,178,0.449438202,0.084269663,0.466292135
327,84,-0.38,-0.38,0.031,0.95,NA,61,2,128,191,0.319371728,0.010471204,0.670157068
328,85,0.29,0.29,0.12,0.95,NA,109,77,5,191,0.570680628,0.403141361,0.02617801
329,86,0.89,0.89,0,0.98,NA,194,0,3,197,0.984771574,0,0.015228426
330,87,0.12,0.12,0.57,0.95,NA,104,25,62,191,0.544502618,0.130890052,0.32460733
331,88,0.33,0.33,0.83,0.92,NA,137,27,19,183,0.74863388,0.147540984,0.103825137
332,89,-0.55,-0.55,0.23,0.95,NA,7,21,163,191,0.036649215,0.109947644,0.853403141
333,90,0.17,0.17,0.84,0.92,NA,115,29,40,184,0.625,0.157608696,0.217391304
334,91,0.089,0.089,0.58,0.91,NA,89,66,27,182,0.489010989,0.362637363,0.148351648
335,92,0.0057,0.0057,0.88,0.87,NA,63,49,62,174,0.362068966,0.281609195,0.356321839
336,93,-0.0029,-0.0029,0.91,0.89,NA,57,66,55,178,0.320224719,0.370786517,0.308988764
337,94,0.025,0.025,0.94,0.86,NA,77,45,51,173,0.445086705,0.260115607,0.294797688
338,95,0.046,0.046,0.89,0.87,NA,84,40,50,174,0.482758621,0.229885057,0.287356322
339,96,-0.031,-0.031,0.77,0.7,NA,36,64,40,140,0.257142857,0.457142857,0.285714286
340,97,0.22,0.22,0.74,0.8,NA,107,20,34,161,0.664596273,0.124223602,0.211180124
341,98,-0.00032,-0.00032,0.97,0.8,NA,52,55,52,159,0.327044025,0.34591195,0.327044025
342,99,0.05,0.05,0.76,0.84,NA,79,34,56,169,0.467455621,0.201183432,0.331360947
343,100,-0.056,-0.056,0.59,0.92,NA,55,90,38,183,0.300546448,0.491803279,0.207650273
344,101,0.33,0.33,0.67,0.93,NA,138,32,16,186,0.741935484,0.172043011,0.086021505
345,102,0.14,0.14,0.52,0.91,NA,101,60,21,182,0.554945055,0.32967033,0.115384615
346,103,0.95,0.95,0,1,NA,199,1,0,200,0.995,0.005,0
347,104,0.22,0.22,0.29,0.96,NA,111,12,70,193,0.575129534,0.062176166,0.362694301
348,105,-0.25,-0.25,0.95,0.91,NA,7,92,83,182,0.038461538,0.505494505,0.456043956
349,106,0.95,0.95,0,0.99,NA,198,0,1,199,0.994974874,0,0.005025126
350,107,0.026,0.026,0.9,0.94,NA,83,57,47,187,0.443850267,0.304812834,0.251336898
351,108,0.31,0.31,0,0.97,NA,158,0,36,194,0.81443299,0,0.18556701
352,109,0.48,0.48,0.33,0.96,NA,156,30,6,192,0.8125,0.15625,0.03125
353,110,0.13,0.13,0.43,0.86,NA,84,70,19,173,0.485549133,0.404624277,0.10982659
354,111,0.095,0.095,0.81,0.85,NA,93,46,31,170,0.547058824,0.270588235,0.182352941
355,112,-0.14,-0.14,0.93,0.82,NA,16,69,80,165,0.096969697,0.418181818,0.484848485
356,113,0.064,0.064,0.74,0.88,NA,86,33,56,175,0.491428571,0.188571429,0.32
357,114,0.23,0.23,0.2,0.94,NA,101,9,79,189,0.534391534,0.047619048,0.417989418
358,115,0.7,0.7,0.5,0.97,NA,179,12,4,195,0.917948718,0.061538462,0.020512821
359,116,-0.46,-0.46,0.027,0.95,NA,44,145,2,191,0.230366492,0.759162304,0.010471204
360,117,0.61,0.61,0,0.96,NA,178,15,0,193,0.922279793,0.077720207,0
361,118,0.15,0.15,0.73,0.92,NA,110,27,47,184,0.597826087,0.14673913,0.255434783
362,119,-0.21,-0.21,0.24,0.96,NA,59,16,117,192,0.307291667,0.083333333,0.609375
363,120,0.35,0.35,0.3,0.95,NA,136,46,8,190,0.715789474,0.242105263,0.042105263
364,121,0.81,0.81,0.44,1,NA,191,7,2,200,0.955,0.035,0.01
365,122,-0.22,-0.22,0.19,0.93,NA,79,97,10,186,0.424731183,0.521505376,0.053763441
366,123,0.31,0.31,0.96,0.95,NA,140,24,26,190,0.736842105,0.126315789,0.136842105
367,124,-0.0013,-0.0013,0.94,0.92,NA,59,59,66,184,0.320652174,0.320652174,0.358695652
368,125,0.054,0.054,0.92,0.97,NA,97,45,53,195,0.497435897,0.230769231,0.271794872
369,126,0.035,0.035,0.96,0.92,NA,86,51,47,184,0.467391304,0.277173913,0.255434783
370,127,-0.13,-0.13,0.45,0.96,NA,47,33,113,193,0.243523316,0.170984456,0.585492228
371,128,0.23,0.23,0.23,0.95,NA,105,76,10,191,0.54973822,0.397905759,0.052356021
372,129,-0.38,-0.38,0,0.79,NA,24,0,133,157,0.152866242,0,0.847133758
373,130,-0.11,-0.11,0,0.98,NA,61,0,136,197,0.30964467,0,0.69035533
374,131,0.92,0.92,0,0.99,NA,197,2,0,199,0.989949749,0.010050251,0
375,132,0.72,0.72,0.53,1,NA,185,11,4,200,0.925,0.055,0.02
376,133,0.84,0.84,0.86,0.98,NA,190,4,3,197,0.964467005,0.020304569,0.015228426
377,134,0.62,0.62,0.45,0.94,NA,167,17,5,189,0.883597884,0.08994709,0.026455026
378,135,-0.16,-0.16,0.48,0.74,NA,27,29,93,149,0.181208054,0.194630872,0.624161074
379,136,0.59,0.59,0.069,0.94,NA,160,28,1,189,0.846560847,0.148148148,0.005291005
380,137,1,1,NA,0.99,NA,198,0,0,198,1,0,0
381,138,0.0031,0.0031,0.99,0.9,NA,67,56,57,180,0.372222222,0.311111111,0.316666667
382,139,0.28,0.28,0.86,0.98,NA,140,24,32,196,0.714285714,0.12244898,0.163265306
383,140,-0.54,-0.54,0.25,0.98,NA,6,24,167,197,0.030456853,0.121827411,0.847715736
384,141,0.011,0.011,0.93,0.97,NA,78,62,54,194,0.402061856,0.319587629,0.278350515
385,142,-0.34,-0.34,0,0.97,NA,33,0,161,194,0.170103093,0,0.829896907
386,143,0.037,0.037,0.86,0.97,NA,90,60,45,195,0.461538462,0.307692308,0.230769231
387,144,0.33,0.33,0.28,0.96,NA,135,8,50,193,0.699481865,0.041450777,0.259067358
388,145,0.064,0.064,0.62,0.97,NA,87,74,33,194,0.448453608,0.381443299,0.170103093
389,146,0.78,0.78,0,0.99,NA,191,7,0,198,0.964646465,0.035353535,0
390,147,-0.78,-0.78,0.011,0.98,NA,11,1,185,197,0.055837563,0.005076142,0.939086294
391,148,0.22,0.22,0.66,0.89,NA,116,20,41,177,0.655367232,0.11299435,0.231638418
392,149,0.4,0.4,0.034,0.89,NA,119,1,58,178,0.668539326,0.005617978,0.325842697
393,150,0.16,0.16,0.71,0.83,NA,102,23,42,167,0.610778443,0.137724551,0.251497006
394,151,-0.021,-0.021,0.79,0.72,NA,40,63,41,144,0.277777778,0.4375,0.284722222
395,152,0.14,0.14,0.99,0.93,NA,113,37,36,186,0.607526882,0.198924731,0.193548387
396,153,-0.11,-0.11,0.54,0.94,NA,41,108,40,189,0.216931217,0.571428571,0.211640212
397,154,0.068,0.068,0.9,0.96,NA,100,42,51,193,0.518134715,0.21761658,0.264248705
398,155,0.3,0.3,0.94,0.91,NA,133,23,26,182,0.730769231,0.126373626,0.142857143
399,156,-0.12,-0.12,0.88,0.92,NA,22,91,71,184,0.119565217,0.494565217,0.385869565
400,157,0.24,0.24,0.71,0.93,NA,127,38,21,186,0.682795699,0.204301075,0.112903226
401,158,0.26,0.26,0,0.98,NA,155,0,41,196,0.790816327,0,0.209183673
402,159,0.045,0.045,0.72,0.97,NA,87,69,39,195,0.446153846,0.353846154,0.2
403,160,0.29,0.29,0.92,0.93,NA,134,28,24,186,0.720430108,0.150537634,0.129032258
404,161,0.64,0.64,0.95,0.94,NA,168,10,9,187,0.898395722,0.053475936,0.048128342
405,162,0.015,0.015,0.93,0.86,NA,72,54,47,173,0.416184971,0.312138728,0.271676301
406,163,0.041,0.041,0.96,0.94,NA,90,47,51,188,0.478723404,0.25,0.271276596
407,164,0.01,0.01,0.88,0.93,NA,72,64,50,186,0.387096774,0.344086022,0.268817204
408,165,0.011,0.011,0.86,0.91,NA,70,64,48,182,0.384615385,0.351648352,0.263736264
409,166,-0.016,-0.016,0.77,0.93,NA,62,48,76,186,0.333333333,0.258064516,0.408602151
410,167,0.0094,0.0094,0.95,0.93,NA,74,58,53,185,0.4,0.313513514,0.286486486
411,168,0.17,0.17,0.65,0.95,NA,116,24,50,190,0.610526316,0.126315789,0.263157895
412,169,-0.5,-0.5,0.4,0.95,NA,2,38,151,191,0.010471204,0.19895288,0.790575916
413,170,0.32,0.32,0.68,0.95,NA,141,33,17,191,0.738219895,0.172774869,0.089005236
414,171,0.58,0.58,0.14,0.97,NA,166,27,2,195,0.851282051,0.138461538,0.01025641
415,172,0.5,0.5,0.62,0.97,NA,162,10,22,194,0.835051546,0.051546392,0.113402062
416,173,0.37,0.37,0.26,0.97,NA,141,46,7,194,0.726804124,0.237113402,0.036082474
417,174,0.89,0.89,0,0.98,NA,193,3,0,196,0.984693878,0.015306122,0
418,175,0.34,0.34,1,0.94,NA,142,23,23,188,0.755319149,0.122340426,0.122340426
419,176,-0.061,-0.061,0.66,0.95,NA,45,48,97,190,0.236842105,0.252631579,0.510526316
420,177,-0.0083,-0.0083,0.84,0.94,NA,67,70,51,188,0.356382979,0.372340426,0.271276596
421,178,0.39,0.39,0.031,0.94,NA,124,63,1,188,0.659574468,0.335106383,0.005319149
422,179,-0.3,-0.3,0.094,0.96,NA,66,6,121,193,0.341968912,0.031088083,0.626943005
423,180,0.26,0.26,0.47,0.96,NA,128,15,49,192,0.666666667,0.078125,0.255208333
424,181,0.047,0.047,0.64,0.95,NA,78,76,36,190,0.410526316,0.4,0.189473684
425,182,0.17,0.17,0.59,0.94,NA,112,53,22,187,0.598930481,0.28342246,0.117647059
426,183,0.0046,0.0046,0.9,0.91,NA,66,52,63,181,0.364640884,0.287292818,0.348066298
427,184,0.51,0.51,0.9,0.99,NA,167,17,14,198,0.843434343,0.085858586,0.070707071
428,185,-0.61,-0.61,0.15,0.97,NA,0,15,180,195,0,0.076923077,0.923076923
429,186,0.92,0.92,0,0.99,NA,197,0,2,199,0.989949749,0,0.010050251
430,187,0.5,0.5,0.55,0.99,NA,165,9,24,198,0.833333333,0.045454545,0.121212121
431,188,-0.0086,-0.0086,0.9,0.94,NA,53,74,61,188,0.281914894,0.393617021,0.324468085
432,189,0.069,0.069,0.58,0.93,NA,81,30,74,185,0.437837838,0.162162162,0.4
433,190,0.69,0.69,0,0.97,NA,184,11,0,195,0.943589744,0.056410256,0
434,191,0.51,0.51,0,0.99,NA,177,21,0,198,0.893939394,0.106060606,0
435,192,0.47,0.47,0.85,0.95,NA,158,14,19,191,0.827225131,0.073298429,0.09947644
436,193,-0.19,-0.19,0.63,0.94,NA,19,116,53,188,0.10106383,0.617021277,0.281914894
437,194,0.18,0.18,0.97,0.92,NA,118,34,32,184,0.641304348,0.184782609,0.173913043
438,195,0.4,0.4,1,0.96,NA,153,20,20,193,0.792746114,0.103626943,0.103626943
439,196,-0.14,-0.14,0,0.96,NA,55,0,137,192,0.286458333,0,0.713541667
440,197,0.3,0.3,0.75,0.89,NA,129,18,30,177,0.728813559,0.101694915,0.169491525
441,198,0.32,0.32,0.84,0.96,NA,143,29,21,193,0.740932642,0.150259067,0.10880829
442,199,0.83,0.83,0,0.97,NA,189,0,5,194,0.974226804,0,0.025773196
443,200,0.02,0.02,0.94,0.94,NA,81,56,50,187,0.43315508,0.299465241,0.267379679
444,201,0.042,0.042,0.95,0.93,NA,89,51,46,186,0.478494624,0.274193548,0.247311828
445,202,0.31,0.31,0.92,0.96,NA,142,27,23,192,0.739583333,0.140625,0.119791667
446,203,-0.029,-0.029,0.83,0.95,NA,46,85,60,191,0.240837696,0.445026178,0.314136126
447,204,0.73,0.73,0,0.98,NA,187,0,9,196,0.954081633,0,0.045918367
448,205,0.2,0.2,0,0.99,NA,151,48,0,199,0.75879397,0.24120603,0
449,206,-0.084,-0.084,0.51,0.94,NA,55,34,99,188,0.292553191,0.180851064,0.526595745
450,207,0.017,0.017,0.99,0.95,NA,81,55,54,190,0.426315789,0.289473684,0.284210526
451,208,0.024,0.024,0.78,0.97,NA,79,45,71,195,0.405128205,0.230769231,0.364102564
452,209,-0.11,-0.11,0.92,0.93,NA,23,75,88,186,0.123655914,0.403225806,0.47311828
453,210,0.036,0.036,0.9,0.92,NA,85,54,44,183,0.464480874,0.295081967,0.240437158
454,211,-0.1,-0.1,0.74,0.9,NA,28,56,96,180,0.155555556,0.311111111,0.533333333
455,212,0.37,0.37,0,0.99,NA,167,31,0,198,0.843434343,0.156565657,0
456,213,-0.12,-0.12,0.85,0.95,NA,23,97,71,191,0.120418848,0.507853403,0.371727749
457,214,0.52,0.52,0.53,0.94,NA,159,22,8,189,0.841269841,0.116402116,0.042328042
458,215,0.22,0.22,0.72,0.99,NA,131,43,24,198,0.661616162,0.217171717,0.121212121
459,216,0.81,0.81,0.44,0.99,NA,190,7,2,199,0.954773869,0.035175879,0.010050251
460,217,-0.12,-0.12,0.39,0.92,NA,76,87,21,184,0.413043478,0.472826087,0.114130435
461,218,-0.13,-0.13,0.74,0.94,NA,24,104,61,189,0.126984127,0.55026455,0.322751323
462,219,0.26,0.26,0.36,0.95,NA,124,55,12,191,0.64921466,0.287958115,0.062827225
463,220,-0.4,-0.4,0.27,0.99,NA,18,156,24,198,0.090909091,0.787878788,0.121212121
464,221,0.9,0.9,0.5,0.97,NA,191,1,3,195,0.979487179,0.005128205,0.015384615
465,222,0.3,0.3,0.07,0.88,NA,89,83,3,175,0.508571429,0.474285714,0.017142857
466,223,1,1,NA,1,NA,200,0,0,200,1,0,0
467,224,1,1,NA,1,NA,200,0,0,200,1,0,0
468,225,0.82,0.82,0,0.93,NA,180,5,0,185,0.972972973,0.027027027,0
469,226,0.54,0.54,0,0.97,NA,176,19,0,195,0.902564103,0.097435897,0
470,227,1,1,NA,0.96,NA,193,0,0,193,1,0,0
471,228,1,1,NA,1,NA,200,0,0,200,1,0,0
472,229,0.61,0.61,0.73,0.96,NA,170,8,14,192,0.885416667,0.041666667,0.072916667
473,230,-0.024,-0.024,0.73,0.67,NA,49,54,31,134,0.365671642,0.402985075,0.231343284
474,231,0.53,0.53,0,0.96,NA,173,19,0,192,0.901041667,0.098958333,0
475,232,0.13,0.13,0,0.93,NA,132,0,54,186,0.709677419,0,0.290322581
476,233,0.47,0.47,0.81,0.93,NA,153,19,13,185,0.827027027,0.102702703,0.07027027
477,234,0.68,0.68,0.71,0.99,NA,181,11,6,198,0.914141414,0.055555556,0.03030303
478,235,0.95,0.95,0,0.99,NA,198,0,1,199,0.994974874,0,0.005025126
479,236,0.31,0.31,0.96,0.88,NA,129,22,24,175,0.737142857,0.125714286,0.137142857
480,237,1,1,NA,1,NA,200,0,0,200,1,0,0
481,238,0.31,0.31,0.25,0.84,NA,113,48,7,168,0.672619048,0.285714286,0.041666667
482,239,1,1,NA,0.99,NA,199,0,0,199,1,0,0
483,240,0.79,0.79,0,0.89,NA,171,6,0,177,0.966101695,0.033898305,0