,Palicourea_suerrensis,Palicourea_justiciifolia,Palicourea_ostreophora,Palicourea_quadrifolia,Palicourea_corymbifera,Palicourea_winkleri,Palicourea_dichotoma,Palicourea_gracilenta,Palicourea_obliquinervia,Palicourea_prunifolia,Palicourea_callithrix,Palicourea_glabra,Palicourea_acuminata,Palicourea_andina,Palicourea_didymocarpos,Palicourea_rhodothamna,Palicourea_triphylla,Palicourea_croceoides,Palicourea_crocea,Palicourea_lasiantha,Palicourea_nitidella,Palicourea_macrobotrys,Palicourea_guianensis,Palicourea_marcgravii,Palicourea_grandiflora,Palicourea_rigida,Palicourea_egensis,Palicourea_polycephala,Palicourea_deflexa,Palicourea_woronovii,Palicourea_bangii,Palicourea_flavifolia,Palicourea_reticulata,Palicourea_stipularis,Palicourea_flavescens,Palicourea_stenosepala,Palicourea_lineata,Palicourea_padifolia,Palicourea_lehmannii,Palicourea_thyrsiflora,Palicourea_demissa,Palicourea_amethystina,Palicourea_standleyana,Palicourea_seemannii,Palicourea_pyramidalis,Palicourea_luteonivea,Palicourea_sulphurea,Palicourea_apicata,Palicourea_loxensis,Palicourea_angustifolia,Palicourea_tetragona,Palicourea_domingensis,Palicourea_pubescens,Palicourea_correae,Palicourea_elata,Palicourea_berteroana,Palicourea_petiolaris,Palicourea_timbiquensis,Palicourea_acanthacea,Palicourea_brachiata,Palicourea_glomerulata,Palicourea_conephoroides,Palicourea_tinctoria,Palicourea_jelskii,Palicourea_allenii,Palicourea_cyanococca,Palicourea_hazenii,Palicourea_tomentosa,Psychotria_rosea,Psychotria_suterella,Palicourea_brachypoda,Palicourea_sessilis,Palicourea_divaricata,Palicourea_racemosa,Palicourea_subfusca,Palicourea_topoensis,Palicourea_brevicollis
Palicourea_suerrensis,100,19.7016,38.8313,35.8421,41.779,98.0648,23.8073,25.0526,27.6689,5.4977,48.4289,55.598,26.9693,7.1689,18.4934,54.7394,96.1114,13.5405,9.9481,23.9413,32.0706,4.2283,30.4715,1.8475,27.7165,2.9845,69.9229,55.0988,17.7588,71.4778,0.5747,1.0006,0.6116,0.3344,0.5074,2.9467,0.4205,1.5207,29.2062,76.6665,1.8823,0.1364,22.0017,11.7383,10.4694,12.5849,94.0978,0.6192,3.2418,2.1555,87.4943,14.4395,11.0869,49.5234,15.0761,15.0695,1.2543,40.6682,24.063,56.3003,77.2025,5.4275,87.114,0.2028,15.2148,66.5008,4.5907,98.8956,89.4017,1.1471,0.375,0.2625,3.3078,24.1732,9.5454,39.4613,0.5603
Palicourea_justiciifolia,77.4545,100,67.8332,53.5406,98.1117,86.2896,72.7776,73.5195,73.8535,61.702,94.0592,84.4182,62.1679,25.0153,91.3911,31.0591,90.325,76.7433,69.5935,80.8382,52.8363,94.2454,71.6909,69.2708,85.5772,79.1067,98.3669,32.7283,79.3084,26.3401,9.2735,15.2952,62.4722,82.7315,1.7386,34.9083,76.0702,25.5558,3.8484,89.5501,7.8823,2.4169,11.0553,52.5776,11.3681,79.0386,93.4714,3.6488,4.4932,7.2914,59.8528,84.995,77.7847,44.6813,26.033,46.7172,62.9628,4.5525,32.4261,76.2352,73.5179,37.0252,79.1737,7.3329,39.6393,61.7025,13.9304,80.9264,73.3196,7.7486,38.9976,27.8535,72.7434,93.8237,93.0715,2.7999,18.0764
Palicourea_ostreophora,98.2867,55.3465,100,35.3057,86.488,91.3495,63.3022,69.976,68.3555,24.1799,85.4886,91.3547,71.4784,50.6414,63.1382,43.9848,80.01,51.5243,42.3929,70.4362,63.5144,24.3756,76.4708,29.8174,73.2001,41.3597,93.6021,21.8723,58.9088,39.4213,7.9487,10.7927,59.1412,67.7606,6.9389,71.7819,5.359,47.3992,75.5186,82.7315,19.2889,2.7164,35.303,84.2623,52.6472,62.7491,92.5127,7.1393,45.9151,21.4557,50.4148,50.0648,60.7495,96.7585,59.7361,62.3981,44.9957,12.3853,67.8199,94.4353,94.6161,29.9459,83.7116,5.5343,63.0571,93.3109,38.4775,88.2063,56.5081,7.6019,3.9608,17.6965,37.2779,75.5232,91.605,27.7394,5.7368
Palicourea_quadrifolia,70.2194,93.5498,77.8873,100,87.7596,98.4618,31.3086,47.1447,72.0812,47.4788,95.8866,65.7075,37.0599,8.3791,69.7585,44.3712,97.772,42.19,34.025,52.6836,69.5454,20.8256,43.9338,11.5403,56.6169,68.5836,92.1037,87.3379,37.4629,52.8191,0.8539,2.2048,72.1499,79.5822,0.4128,64.7807,1.167,1.25,13.6474,95.379,2.6774,0.3279,20.4985,73.5891,4.7553,15.6982,98.903,1.0779,1.5873,2.7294,76.6444,52.1803,34.3327,35.521,19.5204,24.8256,3.2821,7.0527,12.4547,55.3131,63.2026,10.9556,88.793,0.3655,19.6152,47.1432,6.2302,92.4198,87.5852,0.7708,8.8012,1.6819,4.9435,98.0054,99.8974,8.032,1.526
Palicourea_corymbifera,67.3583,56.973,38.1578,84.8242,100,97.5982,95.3517,98.5152,94.3104,68.0593,87.6411,77.1519,40.1172,8.3273,94.0986,57.1643,99.2586,99.5404,99.8026,95.2277,88.9628,98.1193,99.2548,54.4751,96.6666,74.7099,69.8811,57.2539,97.9806,57.3904,0.7904,45.4054,63.6978,77.0368,9.3331,47.988,77.6828,17.1515,5.8864,93.2834,81.756,0.2745,19.9643,71.4929,22.3076,87.6797,95.5503,0.9829,4.7663,2.4548,86.2854,75.6511,83.2112,38.5796,83.5646,23.3109,46.9823,8.6728,20.1641,60.3357,57.1128,9.6331,87.6765,9.3045,21.9454,63.7098,74.7813,97.819,96.3996,0.7117,9.9662,1.4404,19.4084,99.0542,99.7135,6.7628,0.9707
Palicourea_winkleri,20.9308,53.7922,64.0059,36.2718,33.1235,100,73.3154,92.155,95.8366,83.749,99.468,96.2033,88.9938,65.0889,90.9973,93.0459,93.5735,81.0725,70.819,92.9138,87.6106,58.7035,89.7415,51.9265,92.6027,59.2639,99.3993,96.829,80.683,26.9974,18.4429,21.9714,15.0924,10.7786,5.6461,38.055,9.8985,45.7138,73.3951,24.4119,27.0249,4.6695,66.1219,65.4591,59.1649,71.1246,24.5515,11.0676,33.3344,25.5326,94.0737,84.3429,74.6726,98.7853,87.0602,88.132,29.9206,66.1102,69.9625,98.1421,94.3961,57.9031,67.4944,8.4185,78.8908,97.1,51.7436,93.8745,48.2982,11.5564,81.8383,25.846,41.2587,89.1137,61.8685,88.0086,26.4402
Palicourea_dichotoma,97.2584,81.6776,77.237,87.5998,35.9768,66.5563,100,61.436,50.5609,31.7546,95.5542,39.6372,74.2201,38.8351,52.7067,27.009,74.037,60.7978,59.0082,60.5222,29.8129,82.2917,86.7016,55.2709,62.4736,59.7609,20.1751,22.1323,81.6238,23.1658,8.897,48.9008,58.2604,81.2296,21.1838,44.7382,60.4432,38.9716,8.3509,86.0447,14.2845,2.549,16.9729,54.7247,28.3609,71.9082,83.7626,5.0411,9.6963,14.7436,48.9299,50.6568,67.8597,85.1619,50.8227,56.8812,59.3509,11.4037,56.2563,93.3288,32.8113,34.5108,73.9139,28.8833,53.643,89.6175,69.22,75.6527,58.4817,6.7238,33.2838,33.6419,45.1975,85.2883,73.368,8.1843,12.908
Palicourea_gracilenta,91.6883,79.6218,81.3784,93.4934,53.1243,79.0703,77.5274,100,67.0405,46.1447,94.0834,97.8038,81.9651,47.544,82.4423,36.4824,91.1877,73.3245,63.8605,81.3362,44.2272,83.3029,90.603,41.0945,86.4568,56.7413,99.6265,20.2167,68.6027,36.1422,12.0168,14.3015,64.3102,72.0224,3.2082,58.7945,69.9736,43.2699,4.8861,85.8287,17.53,2.7843,15.6304,64.7245,27.8478,78.5601,91.2929,6.8844,8.9263,16.0305,63.3119,83.2428,72.7599,95.1161,69.5038,70.5326,42.1125,7.7311,63.2158,95.2597,85.1669,40.0192,79.7971,15.5527,69.3406,91.3172,70.1636,83.4664,66.7416,13.1607,78.3495,17.284,28.7215,86.4489,96.4824,9.4583,24.8038
Palicourea_obliquinervia,67.8706,93.1727,46.7223,92.1259,72.0223,48.2137,82.1713,90.4252,100,65.6089,94.8618,76.6935,50.9968,18.3661,78.4437,38.658,95.5237,62.744,54.2442,63.754,81.7921,39.0243,59.7559,30.8603,76.0915,75.0056,96.0997,35.3084,59.5426,40.9947,5.952,9.2569,74.5518,81.5614,1.0813,55.8074,3.235,35.5435,34.6998,93.3038,5.9259,1.1251,14.9746,65.1598,18.8267,27.7458,95.7338,2.5769,4.3483,5.5099,71.1509,73.1404,79.649,47.3285,25.7526,39.9645,52.0665,6.5464,26.1331,67.3185,63.1619,27.4892,82.8958,2.177,31.9702,54.3381,12.1953,85.9221,77.68,9.7091,44.9833,14.5907,23.9361,95.2943,99.131,5.749,16.627
Palicourea_prunifolia,27.3026,82.7217,31.4865,59.9392,43.8495,26.2031,52.5522,83.0275,73.5466,100,54.1345,33.034,24.8569,10.5434,69.4726,16.5368,88.555,52.5011,49.8869,39.9368,67.9104,47.6223,32.6023,40.4788,58.7573,90.7526,56.408,75.5707,44.2485,10.3481,8.4633,14.2296,79.2942,89.2965,0.4139,25.521,4.2075,6.1268,10.5392,92.6883,2.4392,1.7833,1.7229,14.1814,1.0323,15.796,89.4597,1.7947,1.6874,1.9059,54.2476,79.9746,83.2949,11.9339,11.1303,25.632,10.0059,0.394,3.5852,31.8721,24.0877,24.26,78.9565,4.1154,14.0999,20.1691,4.6389,50.6968,52.3704,22.7327,50.3837,37.6717,19.4085,85.3181,94.7869,0.551,28.8444
Palicourea_callithrix,54.7217,29.2724,22.3107,70.2913,60.2455,21.6421,22.3739,27.7272,47.3561,16.8501,100,80.9933,22.8849,4.7692,93.197,44.6082,98.8436,99.5378,99.2577,95.8713,73.612,95.5047,97.9898,39.129,87.6017,66.3732,70.1,53.1932,99.5936,64.0881,0.4326,63.9227,83.9156,83.4344,15.0697,83.7926,83.764,40.2877,11.1874,98.1029,94.5339,0.1275,31.8424,84.2446,34.2385,96.6648,99.5175,0.5821,11.4897,1.9346,79.4301,84.4515,87.6133,55.3346,95.7108,14.6184,48.9683,9.9515,6.0975,37.4355,59.3825,98.0393,93.8011,10.0772,9.814,64.6417,96.3531,97.6629,89.9499,0.3382,3.5477,0.9544,7.3816,99.3863,99.9597,12.7081,0.4501
Palicourea_glabra,87.4616,44.9427,63.3144,67.7101,72.679,44.2617,89.5354,55.2258,56.5885,14.1535,45.7175,100,55.2214,19.0807,37.8244,53.1819,96.4108,33.3591,22.7585,92.142,62.1265,85.899,98.356,20.1116,93.3803,42.2883,93.171,44.6926,33.4991,63.2488,1.2737,1.9563,55.1049,61.7815,1.2556,68.2998,61.9935,27.5957,12.4099,81.0922,6.0892,0.4159,41.8136,88.1036,49.3542,89.5636,96.127,1.936,8.7944,6.469,75.1494,31.3755,70.0026,83.3818,36.1487,34.9285,35.9405,16.2935,41.1851,82.805,55.1223,11.9889,82.6498,9.0298,35.8691,82.5885,81.5599,96.781,84.5727,1.0452,0.7955,2.9365,12.6093,94.1184,99.5876,20.1319,0.5119
Palicourea_acuminata,99.2952,88.0922,92.7066,95.078,98.6902,87.422,79.5334,91.3281,91.9859,60.7766,98.7177,99.4733,100,77.1982,47.0383,30.1146,83.5496,81.6718,78.2013,74.3112,33.0946,70.4819,89.177,23.1822,73.6028,37.6026,25.9196,17.8863,78.6357,30.6921,28.217,35.8341,53.8173,61.1265,14.1448,60.4339,56.8996,36.8199,6.2247,76.7563,75.7401,54.1382,19.5395,76.0649,35.0698,75.2371,88.6298,76.3104,8.4884,65.1353,51.825,39.5624,55.0538,26.5329,70.7473,87.6094,37.3802,9.0492,83.2629,66.7255,32.289,71.2307,73.2695,14.2403,75.2822,50.8911,70.4596,84.5326,58.232,6.1936,2.093,13.0474,14.4415,79.1085,92.744,11.6077,7.808
Palicourea_andina,94.5852,78.2147,90.9345,90.7021,85.8792,83.449,74.5827,78.2351,82.489,63.6978,95.189,85.0597,64.7175,100,15.6226,12.5533,41.6416,53.9785,45.0769,44.7167,4.6979,47.8475,52.8526,27.3382,32.0508,35.3829,3.6963,3.6983,45.7604,9.0841,50.4475,61.9209,79.7285,86.1504,33.7206,80.7236,82.0234,72.8506,5.1625,94.2312,90.3501,20.3657,17.9572,75.9347,41.0588,76.6688,96.9685,93.3315,16.1065,83.1827,14.0585,14.6736,32.9579,15.3088,53.2726,79.8448,64.058,2.6683,72.1552,30.9721,7.49,71.3611,85.5036,42.0832,87.4393,23.1323,85.3871,43.8842,15.688,14.7801,1.593,30.1527,8.6149,36.8461,63.6419,10.1788,13.4093
Palicourea_didymocarpos,75.7099,79.7615,47.6088,92.7286,63.3526,46.0672,73.9454,60.0927,84.9971,74.5091,36.483,73.2077,80.068,83.438,100,35.0792,92.8154,65.1457,61.9501,92.2897,54.5436,98.2518,83.6816,76.1752,79.8978,85.444,31.0087,30.1867,63.1178,28.8349,4.0055,65.0021,72.7326,88.4102,7.2179,36.1754,84.5141,22.8761,3.0268,95.1138,4.4001,1.2384,9.4852,45.8087,9.5964,78.2268,96.6267,2.022,3.4203,4.4987,62.0994,72.1884,81.8535,40.5294,58.3315,37.147,58.3833,3.7866,19.6265,66.4772,30.3185,23.6048,90.1328,22.8791,29.6983,54.0923,60.4813,76.4489,73.6106,7.2456,26.1814,19.2168,18.9173,93.6571,97.1141,3.3002,16.2249
Palicourea_rhodothamna,64.1435,89.4204,97.4533,64.3849,77.4131,23.754,89.7529,94.7939,81.9002,45.7527,41.9887,79.7047,97.6951,85.6111,82.5807,100,95.3244,23.2066,18.5908,36.8705,33.5091,9.7611,35.7983,6.1614,45.393,60.7082,70.0105,46.9064,23.8525,69.9636,1.8934,2.7863,1.6128,66.0907,0.9744,52.5599,1.0663,2.9733,30.2823,82.051,3.5385,0.3923,23.7885,86.2743,12.8744,19.1556,90.027,1.2938,7.8451,3.629,75.8255,21.9269,17.6865,48.0399,14.4515,20.5737,3.7502,16.9594,23.7526,58.6079,60.8751,10.2065,84.354,0.8134,23.6702,51.0731,7.2144,97.3653,84.3544,5.1519,0.7386,11.5028,8.1755,30.9623,99.0527,14.4991,1.6279
Palicourea_triphylla,25.4281,83.1016,68.4571,55.1564,58.3907,81.7765,81.2431,90.0204,73.457,52.0132,31.8712,50.784,91.429,79.2503,71.845,36.0596,100,81.2543,74.3093,89.7279,92.7948,55.5956,88.5625,51.4836,95.8809,57.7483,99.8655,98.5724,80.6073,34.6813,10.9617,15.5533,8.1126,6.6096,2.7782,16.8,5.8195,19.4659,63.4567,13.8982,14.0223,2.5169,35.4719,45.6252,35.0516,51.7084,14.9539,5.656,13.7223,12.904,95.2204,89.3644,82.0287,87.0453,59.3521,70.3182,23.4212,59.087,59.8794,96.1616,92.2565,43.2353,49.7422,5.0666,63.0574,90.3648,26.5996,91.0835,73.397,8.6646,62.0595,16.0834,49.0154,90.8532,54.5616,52.5372,22.6536
Palicourea_croceoides,88.078,96.4158,78.655,99.2543,41.0896,81.8754,78.695,92.3125,98.6938,94.5117,21.5254,96.5429,74.0574,71.4557,97.6169,95.2428,94.4107,100,86.4437,75.0386,33.78,88.9192,73.9487,60.9151,65.414,73.2021,17.9393,19.0676,82.123,19.5591,27.8747,58.7467,66.3724,82.4127,9.4206,40.5847,79.6039,35.1989,3.3673,89.3527,64.0134,6.2741,8.869,48.5751,13.263,67.0835,92.1008,9.3685,5.5966,18.2349,42.7392,58.7101,68.2541,87.0052,49.0103,77.0314,56.31,3.8468,55.9943,92.5159,19.1128,66.8829,75.6532,27.324,68.0459,25.7968,62.256,64.9123,52.725,15.327,81.6841,29.7143,16.628,80.094,94.356,3.8735,41.6128
Palicourea_crocea,91.0819,96.3537,74.814,98.2314,33.711,77.9633,86.896,90.3658,98.0404,96.5491,15.7696,92.3816,62.0734,60.9863,99.1607,96.6556,94.6895,92.1428,100,63.8232,28.959,88.6979,67.2594,63.4044,59.7144,71.1087,13.3762,14.4024,79.0389,14.2213,22.2414,53.8252,60.6933,79.7774,7.6552,29.405,71.8712,36.5341,2.6523,87.7366,51.0987,4.9786,5.8752,36.0672,10.4223,54.6062,81.2903,7.3265,3.9946,14.9492,39.9261,54.1673,66.1162,78.0696,38.9299,70.7979,48.283,3.9315,58.1334,90.8212,16.6073,59.6511,68.2541,21.1101,62.3432,19.5246,46.5101,56.3682,46.9545,14.9693,86.7191,30.1408,21.102,76.3945,83.5658,2.567,60.9951
Palicourea_lasiantha,96.2816,72.9426,85.4605,95.0172,50.9986,78.6465,69.8937,81.6465,87.8371,70.7846,27.9042,46.7317,86.9122,85.5905,71.1602,96.5849,84.5052,90.6799,91.5378,100,36.1377,87.4613,80.1435,42.2989,84.0656,57.5742,94.9052,21.0701,68.3272,35.6732,8.6669,13.6049,63.7338,71.7199,2.6604,57.678,70.9467,28.5449,4.5989,86.8123,14.0936,2.1538,14.888,70.0267,25.1865,76.3966,94.4556,5.5788,4.9607,14.3466,55.7821,68.7231,63.2113,91.0581,60.4343,72.4326,39.8177,8.215,57.5625,92.9166,92.2287,40.8612,85.8006,3.8582,64.0208,87.0228,30.4797,82.8488,63.9873,6.3348,32.3999,11.4704,25.8565,85.6399,98.4253,10.6092,13.6073
Palicourea_nitidella,54.5336,88.269,27.3383,76.2845,81.2758,24.1993,91.2501,91.8366,62.3022,43.4802,42.9668,62.8415,91.8114,60.5679,74.2,61.3974,48.6509,90.2186,94.3706,71.465,100,13.6828,40.3232,7.9112,57.2839,61.0761,93.9609,42.7744,30.9797,36.1774,0.4364,1.097,47.2993,61.9588,0.3425,33.5874,0.6929,23.346,8.1738,77.1996,1.5628,0.1941,13.8249,48.7553,11.3178,10.6769,80.0957,0.6403,0.8918,1.4442,84.1541,58.5567,78.7119,19.9298,11.9691,15.9808,32.0923,3.5026,14.7649,47.7425,53.2803,6.1127,65.0572,0.2179,14.2212,37.9254,2.821,89.0625,87.5813,0.3585,11.7537,0.7124,11.3925,93.9518,92.675,2.9296,1.4964
Palicourea_macrobotrys,81.7683,52.04,68.3433,93.7505,17.2968,71.0314,33.326,45.3617,94.1927,95.0242,7.2374,9.8684,38.1901,52.997,50.7744,92.979,89.2036,78.0186,84.5311,52.349,86.3305,100,79.0908,72.7393,90.8937,80.6838,97.224,6.0545,90.7993,6.8813,45.1699,50.9429,76.4474,91.1202,3.9943,27.295,17.6434,43.8868,80.4741,93.0432,16.309,8.9379,2.6686,19.2163,3.9368,54.3446,83.8571,8.4323,17.9154,14.5346,23.4078,91.2524,51.7953,66.5888,48.1964,67.4599,44.8711,1.2732,42.3516,84.1676,75.9001,75.8672,69.8008,24.9103,56.6113,72.5411,28.3399,31.1343,23.9135,29.7334,91.0054,47.6511,83.0587,54.7396,78.9109,1.2623,71.2319
Palicourea_guianensis,99.5582,90.2211,91.3308,94.6407,48.7719,83.0443,86.0814,83.037,90.7137,64.5443,27.8194,56.6786,93.7633,79.5304,59.2255,97.7835,91.523,86.8087,88.0431,85.6841,93.0719,40.1983,100,34.9329,94.5949,47.7041,99.8293,24.6255,83.8827,34.1188,10.4297,13.9443,53.4343,63.8016,5.2618,55.2189,58.1285,33.1535,7.0042,79.5016,20.0188,2.8865,19.6111,72.4006,35.1147,76.1101,88.2892,7.1775,8.6793,20.1067,59.8299,82.9111,63.9215,96.2858,69.7596,74.6392,42.5154,11.6865,78.2074,99.1305,98.5589,40.6137,75.6403,16.2279,72.3944,97.3767,69.2316,89.4598,69.4106,5.9528,44.6755,15.7934,75.8282,88.157,92.6715,11.3984,13.9986
Palicourea_marcgravii,18.0929,63.5268,28.6445,49.3638,8.6342,28.2093,50.1448,40.8939,58.0646,85.9048,3.6037,3.6163,35.3827,71.8062,44.9601,41.6961,48.0644,77.2211,84.6097,40.4888,43.3668,93.0288,47.3797,100,50.9728,91.9096,32.7219,4.3674,66.0262,2.2998,35.4695,37.9663,77.5101,97.2428,2.6365,25.8788,13.0755,59.0906,49.7152,95.8562,7.1552,6.8957,1.4361,10.3875,1.4273,30.4935,92.4084,4.7273,9.334,6.903,18.9767,73.4201,63.1627,7.9662,11.3246,33.7281,70.1613,0.5293,7.0943,25.8922,17.7916,57.259,79.1842,24.9075,20.6274,15.0213,11.4541,24.4178,18.5528,30.6819,75.6686,71.8502,76.679,64.601,60.1598,0.5234,48.3566
Palicourea_grandiflora,92.4122,77.324,73.9766,86.6667,65.4037,66.3562,86.3738,94.9163,83.1995,76.713,32.5713,54.3092,92.7622,76.5324,72.8214,95.784,85.9617,94.8851,95.6791,76.4799,90.3823,39.1316,79.3106,36.0932,100,66.2573,99.3333,24.7932,66.097,38.7797,6.8193,9.6535,63.1179,73.6721,2.024,49.4027,71.3497,32.9921,4.0472,85.4951,9.9536,1.5732,13.112,57.041,20.7103,80.0429,90.9431,3.8493,7.7098,8.9426,74.9734,80.6316,78.0776,83.0354,48.4666,55.6437,42.2585,7.9742,54.7886,93.5396,87.093,29.8353,80.1399,15.5991,53.8268,86.8528,64.3542,89.0542,80.0761,8.1558,49.867,14.6353,35.8443,93.9799,97.1477,7.3613,16.0257
Palicourea_rigida,36.1135,61.1073,26.7479,16.9694,12.7408,41.4551,37.6528,48.1078,37.8396,53.1767,5.4824,5.9719,37.7608,66.5851,49.9898,8.1422,63.4967,86.1689,85.4544,49.3524,10.7956,95.3102,43.179,88.4878,40.6717,100,62.1595,90.0116,74.5466,4.0231,46.5738,50.7747,28.8547,97.407,3.24,29.2415,18.1301,33.0813,63.0876,97.9273,10.4847,9.6028,1.7824,13.6079,6.8142,43.5867,94.4651,6.9033,16.2754,9.5065,21.5554,80.6898,83.7916,24.8897,22.3402,46.135,42.5204,0.4534,11.0496,44.2282,29.7553,70.4243,79.8708,31.2273,30.8566,31.891,18.5813,27.3119,21.312,36.5906,82.7337,68.8889,57.2143,67.0955,77.6564,1.015,49.5158
Palicourea_egensis,60.53,29.2581,24.9418,60.0633,95.989,18.1223,99.2364,31.0143,42.696,13.9297,71.4921,56.0957,99.9195,90.3413,93.8009,61.3801,32.7489,99.4706,99.5906,27.6521,57.9412,5.6308,29.7402,1.6437,39.0887,3.076,100,68.5109,18.109,76.4978,0.1668,36.246,63.7899,66.5833,8.4482,63.1815,70.7348,12.2695,9.5796,91.7526,1.1431,0.077,34.8883,83.1715,34.3646,93.0982,97.6405,0.4272,4.3247,1.1294,96.223,22.1639,82.367,24.9073,94.0049,10.8837,29.3161,16.6261,14.4839,45.5697,80.025,3.8398,90.5109,4.96,12.3704,38.7222,81.8918,99.7524,98.4585,0.0147,0.967,0.103,3.9631,99.7476,99.9546,10.3024,0.0355
Palicourea_polycephala,44.6654,99.8307,96.2704,44.4353,89.721,11.0243,98.7799,91.3151,91.6219,7.97,65.5004,87.1679,99.3213,93.6139,98.8167,48.9797,22.9979,99.9183,99.9703,98.4235,85.9401,99.8633,99.9032,75.9004,90.0353,4.7994,61.2109,100,18.5713,53.4409,0.2965,0.6583,63.6885,89.4023,0.4715,39.2006,0.3571,0.206,17.9384,97.8592,1.3687,0.144,42.7318,82.4433,29.2384,6.5385,98.6468,0.4819,0.4088,1.6223,82.53,21.0684,93.9163,21.8617,4.7814,9.0046,3.2743,14.7997,9.9255,32.4199,40.688,3.712,92.469,0.3346,8.5302,29.7322,2.6176,99.2232,98.4259,0.0714,0.096,5.7456,9.3188,99.744,99.3628,6.4855,0.2914
Palicourea_deflexa,95.1947,94.0068,75.4757,98.1151,37.4555,79.5852,90.5761,86.5034,96.1693,86.3329,24.1033,92.1103,78.5445,78.8761,93.4884,89.8206,92.0888,88.3327,93.0973,84.6712,92.2571,62.2574,87.2989,82.3342,91.5588,71.6111,99.4132,99.4561,100,21.2573,18.1152,62.9656,71.2931,85.2782,15.7804,49.8937,75.7466,51.4106,5.0222,91.1998,69.8565,4.1942,11.5634,48.3792,16.0338,77.7213,91.7329,6.4913,9.6216,14.6829,51.5856,58.5413,77.1701,79.7414,55.5605,69.189,58.4092,5.4759,50.4032,92.4801,23.9012,55.1319,81.0762,32.2711,59.1285,86.6646,71.5651,71.1483,54.4896,15.8892,79.9996,40.3505,26.8377,89.0141,83.8147,5.7558,32.85
Palicourea_woronovii,70.8221,94.1242,99.1692,85.1588,88.7463,99.7714,98.9375,99.7012,91.3284,43.4497,65.6013,95.2176,99.9666,98.181,91.2568,82.6093,99.8496,99.4361,99.4619,99.5005,71.8546,97.1225,99.9468,30.6221,99.3527,57.5971,73.3599,56.3086,99.3518,100,0.7354,1.1892,0.7926,0.4366,0.3671,3.4409,0.5204,1.451,17.1338,1.3986,2.1868,0.1679,14.4475,11.9429,7.3129,14.5311,2.3639,0.797,2.881,2.2237,39.5553,18.8879,13.4413,45.793,17.7435,19.3538,1.3162,26.7354,15.6397,58.1115,60.0161,7.5609,9.7092,0.2336,19.9268,51.6819,5.1269,40.4489,95.791,1.6836,0.5563,0.2264,3.64,29.3857,13.7606,20.8453,0.3331
Palicourea_bangii,22.5197,35.2897,32.6918,26.2525,22.3317,35.448,39.5452,37.4159,43.861,51.0045,36.745,21.5807,12.3128,30.6107,35.5436,33.6188,36.4666,42.8801,37.468,31.1705,11.6393,55.625,30.4097,61.6737,34.3442,67.9147,12.9985,23.9276,48.6033,34.8053,100,80.5728,96.1419,92.3229,5.4526,28.5654,93.8038,45.5075,0.7723,92.0351,24.9822,22.0307,1.1506,11.1196,3.4041,23.247,60.8542,15.6538,5.4824,19.8796,2.3543,5.423,11.6415,0.83,9.3534,26.1688,28.0896,0.1402,17.1305,3.3531,0.4496,66.0151,37.0041,51.4432,36.1954,2.2317,22.7335,6.4415,1.4916,35.5759,4.5562,60.0054,1.3685,10.1638,36.3702,1.4416,27.2283
Palicourea_flavifolia,34.7015,54.1352,44.4888,53.5982,1.7132,43.2754,12.3241,48.1263,60.585,72.7047,0.9618,33.7124,15.0972,36.0992,9.5986,45.754,49.4872,35.4042,30.7011,47.7225,30.824,69.8196,39.7971,79.7621,47.982,86.0373,0.4418,49.7506,24.0803,51.8358,75.9883,100,91.2782,92.6292,12.4568,26.6114,92.2089,37.6826,1.1652,89.8426,31.5426,24.1929,1.8857,13.9415,4.8738,26.9445,62.3716,20.7711,6.8848,28.6123,3.8828,59.2623,15.9083,48.4909,31.597,54.0152,34.664,0.1762,20.5233,41.8566,0.8791,84.0114,41.5256,53.4145,44.64,35.4226,26.256,8.8297,3.1235,23.8486,54.9808,51.813,27.4139,15.6086,40.5226,1.6546,43.815
Palicourea_reticulata,54.1793,6.4182,7.5964,1.1706,1.0223,63.1888,6.6829,9.1856,4.4106,5.4376,0.6027,1.5288,11.7571,32.9073,3.6768,59.6844,64.88,19.1792,14.5341,7.5222,0.6371,27.8075,8.4387,20.0476,5.2866,85.5356,0.3173,0.3351,12.0057,74.0084,70.3216,66.2843,100,88.4011,34.791,35.3685,70.7504,71.6749,90.0486,86.7709,64.9655,52.1757,1.7437,17.2269,74.374,84.6826,62.4362,49.6438,91.5617,56.8066,2.0681,67.505,68.7921,75.2744,60.0495,71.6335,69.1175,0.1115,36.3775,62.155,40.422,92.5345,35.2603,86.4267,65.018,56.8932,69.1246,5.8193,1.6327,21.6138,88.3758,37.0673,30.9258,63.1526,28.7536,1.5672,56.9164
Palicourea_stipularis,52.9601,6.8975,5.9732,0.989,0.8097,69.6521,7.8165,6.6836,3.144,4.9092,0.3905,0.9549,9.3011,33.1249,3.8371,0.958,74.0967,15.2518,13.4675,5.5709,0.6064,23.2609,7.1431,18.4828,4.0932,22.779,0.2047,0.3984,11.8265,75.7136,38.9441,42.2099,67.1093,100,78.0309,93.8455,86.7378,89.8361,94.8156,79.3136,88.6589,78.9411,74.0114,51.5763,81.9373,90.9176,70.8897,79.9695,98.4738,84.0042,1.5445,84.7377,86.135,83.6588,79.1115,80.7466,93.3253,0.1704,41.1528,66.0738,40.5475,95.4066,34.6158,86.4809,70.8356,62.8023,88.1945,4.3039,1.6543,13.1147,93.2142,90.4066,91.2749,76.1318,18.6088,0.9319,65.0526
Palicourea_flavescens,15.2775,10.3308,24.0971,8.8074,0.5047,12.3827,4.5142,11.169,11.4501,2.0565,0.291,15.7355,7.7448,31.6101,0.9518,14.309,10.1906,3.9509,3.6059,9.2329,6.7411,4.4664,14.9375,7.5979,8.9409,5.6544,0.1982,24.0511,4.0047,13.6852,8.3716,6.9097,8.5472,13.4658,100,50.8026,79.2211,18.9406,1.35,52.3294,35.2977,15.0956,8.9146,25.4617,31.7862,25.1541,82.6941,25.1908,8.8809,49.9884,0.577,7.2012,2.7582,39.9558,16.2547,18.0902,26.4395,0.2375,17.1573,16.7671,0.4377,13.7904,26.1342,8.995,25.7822,22.1769,37.8733,3.6811,1.1094,1.1775,1.2086,3.2719,18.5563,2.8006,4.6919,1.48,1.788
Palicourea_stenosepala,78.506,6.4442,29.3662,3.2044,2.5387,71.6165,14.4607,24.9287,5.909,2.3887,2.0402,8.8086,37.2869,78.5495,4.2549,4.6763,53.4531,25.3896,17.9729,21.1288,1.3303,20.1032,24.3282,7.864,12.2704,14.1428,1.1755,0.7455,17.9529,81.0905,34.6988,44.5457,81.5157,36.6851,36.6828,100,41.4742,66.4269,77.1979,94.2138,71.3542,32.1062,86.2439,61.8217,84.1581,84.3624,97.4665,50.6186,94.4059,70.6233,4.5788,35.9195,37.5944,92.5848,81.3484,74.839,48.2858,0.4473,43.9695,73.3735,57.1095,58.6514,72.03,21.7048,70.9146,76.5075,83.3411,21.112,4.552,15.3781,56.7312,27.6152,8.5564,48.8613,40.1348,8.6358,12.6559
Palicourea_lineata,51.1594,4.8274,63.6126,79.7066,0.9722,61.921,4.4892,6.4455,81.6578,86.8253,0.52,1.0185,7.9459,26.4878,3.3335,69.7859,70.9384,12.8418,10.6186,5.3607,58.161,83.0853,5.6528,85.8958,3.8573,94.0213,0.2931,86.4054,8.2318,77.7198,38.1179,38.2285,91.0335,74.1116,12.7595,91.0839,100,31.2286,88.1568,73.7698,82.9262,79.5216,1.514,17.5758,6.2115,20.2268,67.8388,83.6852,6.7528,80.5793,1.5583,74.5612,5.9484,74.7656,57.4678,73.2683,27.4064,0.0818,37.9929,63.9746,40.6169,91.4078,27.1592,86.4136,66.8007,55.8668,81.4408,3.8853,1.5312,13.3122,84.4,21.0525,33.4071,5.5135,18.8875,1.1223,55.4036
Palicourea_padifolia,27.9987,8.6382,22.629,21.1354,1.3096,51.1022,17.3989,31.0545,7.7299,41.1381,0.9668,4.7707,35.2637,54.9821,4.2041,22.426,34.5385,35.658,32.4418,17.0287,1.2618,41.3514,25.3598,25.2413,13.9917,53.4363,0.2717,10.1026,28.861,29.4613,50.6409,43.2372,38.7236,33.0478,14.4085,73.4217,75.6011,100,73.4409,91.5709,51.7457,19.1494,6.0301,35.1287,12.8379,78.7013,79.7798,29.5696,73.8333,52.9037,5.9428,49.8067,27.7238,72.9733,79.867,64.1771,31.7806,0.0593,24.72,35.0119,9.9038,65.8499,60.3771,26.7509,51.3721,45.6435,80.1728,19.524,2.1917,45.505,98.6745,50.8355,10.3684,17.7049,53.2204,5.9518,63.8576
Palicourea_lehmannii,14.0776,50.1941,8.6242,6.3703,18.5883,4.6083,89.2565,50.6741,5.2309,0.3888,11.3355,37.7818,81.6024,97.2751,28.4711,7.6073,4.7123,74.2439,76.9835,58.0068,3.0596,1.2229,83.2973,1.3336,49.1222,0.9884,10.8365,13.5744,82.0483,12.5067,75.1305,82.2945,0.7646,0.8099,67.1011,1.906,0.4163,1.1628,100,97.4411,2.3733,0.3477,69.9595,84.6871,80.8658,93.6255,98.7218,0.7363,19.0546,2.936,23.6865,2.0125,60.6918,19.4226,3.33,4.7627,80.1727,22.9705,12.6964,9.8316,11.58,2.9979,95.2436,0.9106,5.553,14.2353,3.4288,71.1002,34.4844,2.7401,0.0028,49.4815,7.4782,68.9955,67.8055,20.224,0.2918
Palicourea_thyrsiflora,1.0491,10.473,12.5785,2.1006,1.9107,83.8946,12.3552,15.2144,6.7698,7.5075,1.0016,3.1871,22.0729,47.2453,6.0335,2.534,86.2821,26.6432,22.4656,12.5931,1.2543,31.7445,15.5911,20.76,8.9617,27.947,0.5976,0.865,18.3617,94.7377,47.1183,51.9459,76.3849,88.3586,14.2031,45.6233,79.5947,49.451,1.3762,100,88.6786,61.9478,87.3078,71.5399,94.6733,94.0489,83.0755,68.9189,96.5034,85.2485,81.0157,88.6232,89.3829,96.8005,88.4223,91.3017,90.8835,0.4775,63.5034,84.2652,68.7435,97.2525,45.8984,81.8996,85.1751,80.8696,93.4957,11.2239,3.7172,19.2432,96.8193,91.5058,89.1989,85.3277,74.9507,2.0559,69.8169
Palicourea_demissa,86.6547,73.9135,85.4676,85.3759,2.547,75.0574,74.4009,73.0899,78.9014,36.1624,1.7074,88.3493,31.3139,64.1323,61.815,82.9405,70.7246,20.579,16.5599,70.6344,59.7054,33.3673,76.2391,41.9358,67.3621,38.4799,87.9853,96.1768,15.3916,98.3001,23.1157,28.6965,34.9337,44.4471,74.5375,91.2871,42.5839,55.005,96.5558,55.3896,100,43.9156,10.9339,64.5331,33.3818,44.6744,95.7968,72.8914,9.2743,94.115,3.5208,4.2612,9.6155,97.7655,22.8802,80.9754,63.4778,0.9838,70.9021,86.3077,2.1496,64.1298,52.5669,21.7127,85.2176,84.8565,76.6486,16.1798,5.0424,4.4733,11.6841,10.439,3.7939,11.9901,27.5303,3.7558,9.9033
Palicourea_amethystina,42.9671,73.3095,64.1431,64.6251,61.8316,59.2286,70.9706,62.3043,70.7526,78.9406,69.9426,49.2804,4.6309,87.7382,79.9378,61.562,63.0794,74.8133,71.3321,64.3352,41.1926,81.3569,56.1569,94.4669,62.2783,95.0866,47.5615,82.7062,77.1156,67.8456,94.004,95.0765,93.0755,89.7398,96.3278,93.6274,95.064,79.3327,94.4729,90.4172,94.2803,100,1.3374,16.2239,6.4121,13.8525,63.5315,73.1473,4.5255,30.2588,0.5376,1.2675,2.4464,0.3359,2.8617,8.5826,26.486,0.0573,46.1386,0.9498,0.1651,20.5809,18.5406,26.6096,70.8765,0.6839,24.4555,1.7499,0.5721,5.3999,0.4079,10.7458,0.8494,2.5773,9.7507,0.4792,3.6753
Palicourea_standleyana,59.6059,14.4209,77.2936,9.1441,9.6913,16.9527,34.2707,51.1513,13.3441,4.3462,6.8776,37.2411,67.743,90.1079,11.4797,18.2717,14.1766,37.9696,29.1736,47.7525,5.669,25.4216,53.2981,5.5519,32.1874,11.3799,6.3913,6.5132,30.5222,42.231,19.3433,30.5715,51.4388,1.6872,54.842,12.3361,63.5523,81.6597,15.9403,4.278,93.2827,77.9177,100,14.0433,45.4739,19.146,94.4381,4.1472,13.5117,16.2631,14.0749,6.7979,5.7474,64.5331,19.3125,17.7594,5.9967,5.4577,20.7886,35.3208,31.8332,6.2205,72.4534,0.7547,18.3976,54.0862,17.9131,51.6769,16.6728,0.9963,0.007,0.5924,5.3547,13.5556,60.7647,46.6238,0.3915
Palicourea_seemannii,93.5006,22.6634,46.9547,13.8734,12.2694,71.0116,36.9662,50.418,19.7072,2.8961,7.7729,25.3207,69.5255,75.277,17.1012,12.3356,61.5216,48.5812,43.0517,50.3524,7.8258,32.4216,56.7679,4.5111,33.4009,9.56,7.6233,4.5601,40.5942,96.8547,17.3856,24.0537,44.5195,18.7326,16.0172,64.1839,50.4274,40.1775,4.2897,33.7782,77.5027,55.9505,80.8142,100,92.3449,65.7782,80.8173,34.711,51.7248,63.0102,17.2391,29.3488,22.219,91.7733,59.2492,69.9806,49.7659,7.4562,92.8636,87.8626,94.5607,40.5894,55.7946,10.5195,85.4424,85.7329,74.7882,49.509,24.2615,3.1623,1.692,6.8347,33.76,54.3169,71.781,7.5504,3.0366
Palicourea_pyramidalis,63.3134,10.3082,55.8115,22.3943,5.8209,29.5161,36.2109,47.3365,9.5194,1.018,2.9502,24.6927,70.6714,92.8229,6.2477,35.544,21.9157,39.3122,31.1258,36.7917,2.6529,24.3382,53.9097,3.0601,30.4536,1.8835,3.8318,2.5922,28.1349,54.4895,26.7411,41.6012,6.3726,8.1369,62.552,32.5017,78.1255,66.7742,12.1141,13.5618,97.1911,87.2051,79.7296,40.7998,100,38.0758,96.9642,14.3532,55.4061,41.498,10.061,5.6533,6.3484,84.1516,31.5873,30.5884,20.1875,6.5449,70.4745,49.2928,56.4804,12.0526,82.0043,2.8929,46.0517,60.7014,36.4788,46.2394,15.3446,1.3083,0.0031,7.8033,16.8775,25.4711,53.9652,14.0652,0.6191
Palicourea_luteonivea,87.225,33.5904,83.0015,90.744,15.5455,78.9196,53.3095,53.2622,83.5439,61.5159,10.5124,27.6472,71.105,88.3079,23.3682,81.9709,80.5943,61.5168,54.6835,49.5237,72.3937,41.8772,63.7112,56.5187,42.1721,52.4708,7.9508,92.9457,57.5485,95.6001,59.6943,68.3361,24.7211,24.3775,36.9025,65.3312,85.6026,48.3112,5.6501,32.4449,89.9381,85.8237,71.2487,45.5819,71.5164,100,96.3607,23.7402,94.8726,43.9589,22.7418,70.3219,48.889,96.8282,80.8109,78.8463,50.7511,1.8922,40.7887,89.4795,70.4617,59.2087,88.4476,20.0338,71.9078,90.0139,63.8703,57.1838,22.9017,20.9617,44.4469,37.203,47.2469,49.9745,69.6308,17.0422,15.5649
Palicourea_sulphurea,1.8236,11.0517,15.0815,3.6677,3.2146,92.3396,12.9718,16.5687,7.515,6.0788,1.9836,5.0666,23.8971,53.9559,7.0721,3.2907,92.9585,23.8417,19.2505,14.7949,2.3247,24.1495,16.8771,16.5163,10.6037,21.4912,1.418,1.373,18.0218,98.8843,32.1579,39.2401,68.1167,88.0279,23.059,60.5353,81.9215,46.0529,1.5007,77.6766,76.1064,92.4437,5.919,44.2891,18.437,38.4531,100,82.6484,97.9275,96.0874,4.7726,84.6064,85.4035,98.6399,88.6041,94.9327,91.9713,0.5291,68.1182,96.0252,85.1245,94.3912,48.967,61.7139,90.927,93.6497,95.6794,13.2244,5.2931,10.4983,81.9012,62.5049,74.3184,91.2088,75.1751,2.5774,41.8482
Palicourea_apicata,82.4592,83.3109,85.3519,92.0969,88.0886,77.5521,74.0439,78.2903,86.8422,65.1716,95.6083,85.4969,12.1835,34.9438,81.6332,89.66,78.5153,78.009,65.3027,83.6141,62.6227,56.1386,77.229,67.4201,75.6314,71.2716,89.7695,97.4218,77.4428,97.9985,48.5247,49.5698,59.141,64.3815,93.0276,95.8803,72.3863,65.9852,96.8759,75.3391,96.7609,94.9014,90.156,76.7962,96.301,91.3096,89.1846,100,6.9972,96.5441,1.4133,1.9803,4.0088,1.7004,8.9355,17.9679,38.6062,0.2827,69.8385,3.4648,0.7372,20.0774,27.9435,16.7178,86.5769,2.6792,45.8735,5.6538,1.8398,3.9033,0.2408,7.4221,1.2804,4.7714,14.7697,1.4366,2.2938
Palicourea_loxensis,11.1631,5.2256,14.086,5.5998,1.6678,10.3806,18.8393,17.3085,6.893,2.3219,1.2343,7.3756,34.6353,87.0084,2.6919,8.1164,7.2145,21.5131,16.2626,14.7819,3.0301,3.0918,26.4926,4.8956,10.8621,4.8436,0.6209,1.8868,17.6819,9.5946,51.8365,62.346,7.2292,6.6178,57.6518,20.6805,93.8315,12.9334,3.0679,6.6793,97.3498,96.6429,9.0286,2.6754,10.4957,37.5816,8.1401,97.8309,100,7.6462,3.1561,5.3445,16.2403,23.5495,20.2288,12.8868,22.3952,0.0312,1.4991,10.3263,3.3775,12.3828,86.8454,5.541,6.0669,17.3502,13.2723,23.1042,2.4761,15.296,0.7681,24.5572,1.0311,12.7635,31.7022,22.4437,1.7132
Palicourea_angustifolia,78.693,61.7643,79.3894,76.1341,68.043,64.7428,67.4272,61.196,66.9034,21.657,91.7098,82.3768,29.9194,64.8231,49.4796,64.6905,57.7369,51.6054,38.1867,56.4838,49.632,23.1478,65.0521,34.1702,53.7213,27.3901,78.526,92.4866,61.8225,90.4667,15.8758,20.5408,22.7079,31.4211,75.3065,78.7905,26.3117,41.7415,96.4308,41.0479,84.3764,94.4795,96.0942,64.657,94.0957,82.3875,61.6862,55.5793,89.441,100,3.113,3.9248,10.1162,7.2789,24.0591,39.0264,67.3366,0.8297,55.313,10.3637,2.0579,30.0063,51.0928,17.4472,74.1851,9.4304,80.0981,16.2289,4.7258,2.8234,0.1078,8.7079,3.6512,11.7128,24.069,4.5766,3.3647
Palicourea_tetragona,31.5685,83.4956,64.4824,65.0141,70.5425,47.3825,94.1551,93.1682,76.2412,60.3688,45.2203,53.9556,93.2927,69.7975,73.5122,37.3492,67.4241,88.7937,93.3943,74.599,73.9161,87.6725,94.5441,43.0239,93.6002,59.3373,42.2192,23.9495,96.3264,94.717,31.688,42.9067,63.208,69.4943,6.0523,58.5522,60.5865,48.0816,3.1064,3.4521,58.4582,48.9252,12.741,50.5143,15.7934,81.8985,85.8334,62.4707,8.9233,51.0144,100,71.3691,55.9665,45.7637,30.2404,34.1907,5.481,8.0392,31.8241,76.7848,84.502,16.1273,77.8525,0.8193,30.3941,67.3102,6.9694,90.1501,84.0925,5.9982,40.7606,2.4097,22.7379,65.2779,24.731,7.7332,9.7171
Palicourea_domingensis,49.0915,72.1828,35.9397,78.0918,54.0473,40.713,77.6988,56.6779,77.8209,84.3117,29.0122,56.3663,78.593,64.3046,73.1535,52.028,62.3872,90.8658,95.309,46.3543,79.4,41.6408,48.4272,40.0791,65.4231,45.3512,71.535,88.5651,92.6866,70.4621,41.6403,9.2929,4.011,3.8832,0.8396,4.4591,3.1297,8.23,23.5206,6.6344,52.2686,70.1686,10.2559,9.076,5.1221,22.7605,6.7079,64.2803,2.8288,44.2445,79.7215,100,89.5783,38.8542,57.3053,35.512,56.027,2.4467,13.1177,50.7564,22.6409,24.2516,73.136,21.5357,22.1903,41.6527,61.1334,71.1621,68.7116,12.7541,53.9664,25.2796,40.8724,91.8591,89.965,2.438,23.1342
Palicourea_pubescens,65.2746,73.5221,46.4267,80.6783,34.594,59.7413,71.0227,76.763,57.6537,61.2987,17.8734,20.5788,66.2482,61.0291,62.9106,68.1655,74.4731,89.7282,95.2889,63.2105,34.0379,91.4528,77.0886,75.4093,74.3528,59.9847,10.9789,11.2681,87.8635,84.7555,44.1404,63.8714,8.1307,6.8202,9.7003,14.6792,83.1136,63.1139,1.9202,11.9761,42.0677,75.0455,29.9644,17.9651,19.2047,64.8095,12.5604,56.6215,9.0842,37.8862,85.7613,70.8381,100,78.5223,54.5463,57.6537,26.0267,1.5392,22.3495,70.8268,49.8306,38.6166,70.1369,5.555,40.2492,67.8041,22.5544,58.3425,52.2915,23.2273,80.3007,35.316,47.545,86.2899,84.7729,3.9565,34.0324
Palicourea_correae,57.6889,15.5662,38.2035,35.3758,34.2785,25.7787,23.356,25.2691,26.2331,2.5598,27.5678,56.9119,98.2453,96.5693,14.2387,27.3724,22.0197,14.1186,9.2999,21.1822,24.5513,3.3571,28.9347,0.7272,19.438,1.6101,48.8566,53.4791,16.5122,55.1403,33.5577,1.2393,1.1124,0.7031,1.8143,9.1073,0.7013,6.0076,39.2585,2.6548,5.8624,75.3823,47.3248,15.7191,27.494,21.912,3.711,95.1918,11.6145,96.3613,20.2156,10.8533,8.7321,100,98.488,23.2886,49.4844,11.9073,17.1082,41.81,42.7972,6.8772,95.795,12.6442,20.26,90.4606,98.2219,96.8194,55.0511,1.4624,0.0829,4.7646,9.2689,79.0232,98.2175,46.7414,0.1839
Palicourea_elata,92.0991,51.6243,79.5342,86.287,18.0287,80.7274,50.0895,76.0761,78.1645,43.5129,12.6535,86.9255,77.4305,76.756,22.8092,77.7413,72.4475,61.9305,54.9929,72.3059,70.9015,27.1447,70.2134,13.8304,71.7768,19.3321,8.8856,72.5345,57.6217,96.7256,28.6586,9.0451,8.9554,6.71,5.7271,41.1965,6.1685,49.8484,52.9403,15.9967,74.9982,61.5196,73.9503,49.1117,51.5308,65.2092,17.875,73.9387,45.9096,65.9083,86.4698,25.7118,50.6325,32.4417,100,74.4652,24.3351,2.5344,45.3647,88.333,13.2608,34.0202,79.3014,7.7755,64.5479,90.3377,84.5992,67.7885,26.3723,14.7053,85.5831,16.0909,7.1005,52.6105,85.1605,18.2327,15.2708
Palicourea_berteroana,96.4383,91.5283,94.0593,98.7321,97.1545,93.9818,79.5954,91.2524,95.3221,86.3833,99.7175,94.8889,81.0612,86.9333,95.469,90.9974,93.3083,86.8486,76.8681,94.0525,83.9432,67.2685,89.3709,71.1492,92.0975,74.388,98.8418,99.2529,87.6645,99.4587,44.5031,30.7601,22.0478,17.9094,10.5344,54.3809,15.3832,59.9742,85.9115,35.3109,39.5964,75.193,83.7223,69.1418,73.755,83.1672,34.7604,85.5967,54.5635,71.3432,90.5665,85.729,82.6405,99.6202,91.3255,100,47.7938,3.8174,69.3619,47.243,16.1808,77.4766,83.8123,24.344,83.3256,34.0521,82.7718,69.3036,35.1303,16.3256,4.8957,26.7805,9.8362,64.0214,90.6405,13.6469,16.3423
Palicourea_petiolaris,26.7986,27.4757,21.0714,46.5583,3.0481,34.8804,28.2873,19.8792,9.4094,52.3305,1.406,4.0381,35.3747,66.2541,14.4318,44.5517,43.0415,40.6394,37.6593,17.5055,2.56,45.7687,30.2561,40.2025,15.6989,65.8235,0.6367,78.6412,37.3262,43.1276,41.6037,52.3498,28.9334,35.0597,19.7795,49.6878,77.2607,46.4205,2.6765,42.096,77.3292,93.1737,52.5854,40.6173,70.5878,47.3814,54.3311,84.4131,3.0307,68.2308,29.1301,14.1536,53.5914,2.8065,10.2826,46.7938,100,1.403,36.1615,39.6881,22.7448,56.968,62.707,34.5964,55.2687,33.3748,58.9623,17.7393,9.5455,7.5394,18.0892,30.134,74.7628,28.5079,31.6064,0.7166,17.0033
Palicourea_timbiquensis,60.2845,36.1468,74.777,21.4487,26.0095,5.6768,64.6952,50.3149,29.0049,4.7985,12.5145,39.8989,74.6556,64.7448,28.5462,30.4392,7.3557,45.349,55.8009,63.7454,14.9612,38.9246,78.3972,6.1082,51.6533,9.2326,25.0574,14.6394,56.4698,25.0692,8.0009,8.0442,16.654,18.865,6.1389,26.672,17.1427,2.554,15.3619,39.0798,49.9954,20.4637,16.3511,90.391,64.4591,28.9829,51.4417,47.7578,0.1259,32.8144,48.5774,16.6923,20.2258,18.6049,43.6726,58.3045,15.0784,100,32.0336,18.0431,46.9143,1.3438,38.9192,0.0976,8.1059,21.5393,1.0253,71.0404,53.3162,0.0118,2e-04,0.1424,12.7109,6.4324,2.4856,8.6812,0.1086
Palicourea_acanthacea,44.9939,14.7969,35.2842,14.7734,23.9169,17.2786,26.4311,21.7267,16.6447,1.163,17.282,36.0549,27.8905,24.3524,10.6363,33.2176,17.4775,12.1613,11.5909,19.4608,17.408,4.1089,29.4486,2.3253,18.3334,1.8229,26.7523,40.1876,13.6453,39.404,1.6649,2.4431,2.9148,3.4223,6.088,13.1995,2.1571,4.912,70.0014,6.9395,16.3579,2.2694,32.445,35.3555,49.8287,15.2832,8.8723,5.7329,6.9855,17.4848,12.3839,6.7815,4.23,38.1728,10.7913,17.4552,15.2307,86.3034,100,57.3087,35.333,38.8556,52.9264,9.7236,81.5034,51.3506,49.6799,68.6989,39.8495,0.4462,1e-04,7.2041,21.5048,49.9577,75.8139,5.5034,2.4936
Palicourea_brachiata,96.649,55.6729,78.2213,71.5268,84.4587,55.6036,52.9727,66.2305,62.9655,27.2943,78.8515,89.6067,99.5694,91.2848,51.3151,92.1169,64.4986,41.1278,32.1296,59.9391,68.9967,16.8021,69.7776,10.6106,72.3729,13.6704,96.8391,84.6488,46.1342,98.1478,30.6635,4.7027,3.1846,2.2076,2.3717,13.3979,2.1074,8.9158,54.5407,6.3046,10.0634,57.5631,47.5974,34.9501,40.1358,39.4377,8.1225,86.1748,13.1487,78.5126,72.0344,44.9309,35.5986,88.8462,44.4225,96.8907,9.8107,60.4735,37.9225,100,61.3576,84.7394,88.6069,14.6062,49.4377,82.2831,80.7099,98.1632,81.1271,3.6097,1.1634,9.0608,18.7089,93.188,98.6795,24.1378,5.5588
Palicourea_glomerulata,89.7433,29.8425,40.548,47.607,63.6449,24.1108,93.9438,31.8057,37.2862,9.9479,46.2558,75.2756,97.7991,89.5291,71.5788,67.2917,34.5595,81.3057,88.1476,32.2151,41.9553,6.9515,39.8031,3.4992,39.7521,4.4767,60.1962,63.5627,90.1308,79.4315,14.8198,22.7215,0.5207,0.3857,7.8178,2.1431,0.3964,0.5638,27.0862,1.1862,79.1104,36.0599,13.6783,15.0085,11.0009,11.2742,1.9735,77.2464,1.3675,60.3078,46.1373,39.0365,14.0684,34.0678,79.6392,90.5531,2.3222,80.0983,55.3399,91.4633,100,5.7297,75.7367,6.7005,19.7472,59.4116,56.8343,96.9865,87.0618,0.1673,0.4161,2.2725,16.8333,92.0903,95.3453,20.5682,0.4051
Palicourea_conephoroides,83.4097,79.164,72.2543,93.2934,84.6537,79.2239,73.4296,76.9592,88.8273,78.253,6.2526,82.9261,45.5571,72.0317,85.6616,77.1977,81.426,75.6309,65.6582,79.8606,68.5924,74.3069,72.6239,79.4221,77.7322,83.6085,91.887,87.7767,82.6664,94.6405,80.3197,63.1121,53.938,39.889,10.9744,47.5108,32.5531,56.8459,95.0219,50.5427,34.1795,92.8054,43.1826,43.372,49.0406,80.8116,42.9698,85.91,56.7594,47.9988,81.7975,74.5574,67.3163,85.8872,66.245,68.7626,56.9505,31.4466,7.3386,19.5048,68.7893,100,76.3487,59.3956,66.7184,12.2697,62.5243,32.0597,14.5124,36.0211,79.5408,58.153,7.9794,41.4902,71.8502,4.575,39.1521
Palicourea_tinctoria,6.1379,37.8281,46.4256,11.3072,11.0519,81.0625,41.9885,51.9403,27.0368,21.9718,5.457,16.3458,62.6106,90.6842,24.8408,14.3549,81.9019,66.653,59.4324,48.4295,7.0192,67.1075,53.9795,47.7039,38.267,58.1805,4.132,3.9196,59.1672,96.4793,68.8448,78.3456,90.3147,95.6848,29.4723,77.3583,90.7718,76.0275,4.3432,97.546,82.8591,93.5874,11.8935,61.5307,28.423,82.3016,98.0928,92.0647,21.1856,72.6873,19.3268,24.6798,46.4009,10.7434,48.9901,80.4782,67.905,1.8887,16.5655,28.3467,6.827,86.4889,100,30.7918,80.9306,85.3888,69.301,41.7177,17.6018,28.4528,76.1791,41.4274,61.5948,79.4769,50.3502,7.7194,32.3089
Palicourea_jelskii,8.1313,28.4859,21.745,10.2884,0.3251,15.6962,7.6251,4.5907,18.7116,27.5375,0.1548,0.5008,7.0296,30.133,2.4093,20.9177,16.7637,15.3405,11.3991,16.8473,5.145,29.387,6.287,52.0883,2.9884,49.6928,0.0746,25.1253,13.385,12.6278,64.2139,62.9509,53.8629,36.793,5.4866,32.7595,36.7265,21.8339,59.7394,35.4802,27.6443,94.0063,12.8466,12.6586,17.902,41.6827,32.2218,56.5125,47.7976,17.965,8.7755,2.6267,20.1042,0.2984,1.9954,15.1157,44.5187,3.1528,1.869,1.5986,0.2521,57.3781,52.9518,100,25.2322,11.7596,26.6756,3.0219,0.8938,11.3988,4.2995,29.6325,34.6291,6.784,18.7087,0.4699,12.3356
Palicourea_allenii,90.8581,66.7901,86.702,76.7893,84.0021,74.6793,60.8497,75.8798,71.4765,50.3036,73.3124,83.4043,81.4406,76.0833,73.1772,96.7425,73.8618,59.8365,52.0138,84.1212,56.9494,39.9712,77.6336,37.0312,74.5556,40.5406,83.4924,84.3317,58.4957,96.7478,17.8151,20.2402,19.5597,19.2634,25.1821,60.4369,16.1423,39.7396,77.3956,30.9201,47.9212,11.8502,79.3049,70.1687,87.9754,66.2557,36.8283,22.3744,47.4517,50.5501,64.1684,51.2154,39.4622,90.6848,66.2139,74.2881,49.065,69.6466,35.2565,90.7026,91.8857,50.1428,75.2879,14.1507,100,35.5815,75.5166,64.0975,36.5885,11.5613,1.5935,20.0118,12.6541,54.8418,79.4108,9.8425,8.2619
Palicourea_cyanococca,97.0345,36.0545,67.9324,50.9048,49.5312,39.9535,43.7141,45.2823,42.9209,9.553,33.1502,82.0049,98.4175,87.9986,30.1647,75.4712,42.7162,85.0797,81.6306,38.8848,53.9662,8.3364,54.4946,4.0039,46.8452,5.7922,86.7104,83.8963,31.375,86.9898,26.8905,2.8959,2.3337,1.5229,2.7622,12.2255,1.4856,9.3181,61.2494,4.4685,8.4147,52.3264,58.5598,25.9277,41.2132,33.7176,5.8714,80.8066,19.8984,79.6178,49.5765,25.5401,19.7691,61.4356,39.6093,95.9944,6.1183,61.0261,39.2332,91.2742,87.5527,80.0774,18.4691,0.9466,85.152,100,82.6398,97.1036,69.9673,2.9678,1.0562,7.6369,13.6554,87.2854,96.7315,35.9105,1.391
Palicourea_hazenii,76.5007,69.4723,79.1685,85.2538,5.0986,77.3667,25.2996,32.8534,78.9872,41.6567,4.538,13.7471,51.3566,79.8144,9.2734,63.4195,67.9996,38.5517,29.9301,63.9268,61.3093,33.2548,36.443,42.1375,18.3483,39.891,2.1904,89.3991,29.1885,88.5916,33.4754,43.6566,28.2063,30.5146,32.9364,82.2397,27.7315,63.4508,92.2429,47.7661,92.8231,88.6805,95.5683,64.849,88.5547,88.2968,57.8498,93.8282,81.2668,86.429,70.3098,8.7247,53.1116,14.4063,51.1941,69.7599,67.2879,26.1659,17.6837,20.1565,3.6864,52.6562,80.7386,20.3497,60.8167,17.9951,100,32.5235,8.4922,10.1805,37.8219,17.9777,50.7649,23.7896,54.5749,10.1144,11.4679
Palicourea_tomentosa,36.4546,69.9373,80.9558,48.769,52.258,78.9881,87.3294,86.178,60.9814,29.8873,31.9868,63.5834,96.3456,82.1477,60.4013,39.5896,86.2738,87.0963,87.7037,84.0152,41.4076,78.8764,95.8605,26.892,82.6568,42.4092,34.3779,25.1416,88.3636,99.8607,27.7529,36.8782,54.7086,63.7322,13.1646,62.8755,56.9229,35.7061,7.3822,80.5152,78.3905,53.0239,23.4435,76.1961,36.9311,81.4406,90.0515,78.1953,10.0738,66.4767,64.5865,47.5579,64.4692,34.2673,78.8735,92.7712,34.7094,12.0391,27.6237,76.1637,45.4099,76.8365,79.4722,12.5234,78.9101,61.8508,72.8259,100,71.6744,3.4871,21.9812,6.6809,53.9822,83.4096,45.3337,14.6579,7.4361
Psychotria_rosea,38.2727,91.9996,79.8442,70.6393,78.9612,94.3391,94.2553,93.1497,81.152,56.4618,45.944,67.8798,96.5055,80.4301,83.581,46.5588,97.106,95.9519,97.1567,88.1854,73.5087,92.7755,98.1382,47.614,92.5424,63.0028,54.5191,45.9247,96.0211,44.7301,20.4691,39.2795,55.4054,69.6083,10.8988,46.3262,66.8892,16.266,6.0921,86.1797,75.1094,56.4847,18.6782,67.4496,27.1337,82.0855,92.9175,79.4921,3.7562,64.0818,81.155,69.4851,77.8169,30.3299,75.4343,94.4156,45.1221,12.7674,26.8974,78.6897,54.6826,78.9489,81.718,11.4451,78.01,60.4527,69.2362,94.884,100,0.8464,10.5474,1.3039,40.7248,71.9045,30.1929,17.4146,2.8968
Psychotria_suterella,0.1254,6.8972,3.6994,0.2092,0.1834,28.2655,5.4864,22.3768,6.6991,9.5778,0.0571,0.3254,10.5459,25.7302,3.6755,0.6717,11.4944,35.7313,34.6291,8.0837,0.1294,61.4757,8.5455,45.9112,7.2827,51.2892,0.0065,0.0187,22.8086,0.1788,76.0941,44.4965,76.9728,86.5809,1.9103,36.6875,76.2441,85.8651,0.0571,88.2222,15.851,73.2777,0.1344,5.5201,0.4603,18.0622,61.863,38.0522,1.9574,6.3624,2.4771,7.0384,20.8868,0.181,29.4309,33.4061,17.5157,0.0054,0.1564,1.2827,0.04,58.007,44.0225,17.5345,18.5404,0.7834,21.3508,3.4678,0.3956,100,85.1277,66.6376,0.3096,8.2502,9.9525,10.113,56.0788
Palicourea_brachypoda,0.4693,4.9652,0.6212,4.4006,4.2899,5.4938,3.4941,9.36,9.9761,19.8394,3.4161,0.3342,41.8735,43.0108,6.9158,0.6523,7.1981,6.7438,7.8303,3.485,7.3549,9.5875,2.9518,8.2371,8.1182,9.7964,1.3124,0.1564,8.8813,0.6579,83.9478,2.5792,2.4783,1.4939,0.0569,1.5735,1.3847,12.3035,0.0022,2.4562,0.1903,74.7769,0.0021,0.0806,6e-04,2.54,1.4671,39.5307,0.2948,3.2747,14.2726,18.447,18.6486,0.0801,6.2761,80.1679,0.5893,2e-04,3e-04,4.6307,0.291,7.5067,6.1283,0.2773,34.3683,0.4229,0.8243,1.9032,3.0179,28.2752,100,74.8425,0.0122,57.2264,85.7436,0.0264,85.6394
Palicourea_sessilis,3.2423,16.0402,8.8809,0.1963,0.1631,16.9417,13.1248,18.2924,7.5733,14.526,0.0486,0.5164,13.9954,31.6126,6.7942,1.6455,16.2284,40.1992,37.7576,11.0185,0.0946,61.6772,14.1779,48.6242,9.7757,56.9805,0.006,0.1836,29.0529,3.5836,78.5208,63.2199,83.9901,23.8492,4.0804,18.8909,83.7733,62.0337,0.6076,32.2329,21.6556,85.3742,6.9659,7.1944,1.4115,23.7376,17.3892,47.4345,3.4515,12.6733,7.7722,9.0625,20.9869,0.2666,13.5513,34.7833,26.4572,3.5674,0.9094,2.7407,0.2051,65.5957,47.1854,38.7423,18.1579,1.5526,22.0823,9.5161,5.2181,94.5936,11.2529,100,51.0667,22.4434,53.0465,1.016,55.0778
Palicourea_divaricata,10.4327,30.0513,17.1794,9.7723,11.4745,8.3305,95.989,13.589,18.8618,9.6776,1.7066,13.7464,58.1995,61.6209,30.4808,32.0394,17.8919,62.4634,82.5017,12.5797,13.9482,10.6289,22.9401,22.0516,20.6514,10.8064,16.1859,36.1176,90.9299,21.3923,22.6198,2.5528,0.9594,3.1208,1.4422,0.8272,0.696,0.7891,41.61,3.5176,74.9143,83.035,4.0691,5.4329,6.2991,8.403,2.8597,66.2058,0.952,61.9856,13.3611,20.523,11.5435,4.2171,1.7621,58.5274,14.4425,25.4337,31.8626,23.8399,26.6335,56.2737,9.914,3.8829,48.5975,19.1308,4.1401,19.1264,25.3597,0.1166,0.009,3.6893,100,76.8089,40.8644,0.2706,2.009
Palicourea_racemosa,96.2077,84.3245,66.8193,52.3804,53.7901,76.8273,85.7059,81.4694,69.4477,51.7705,32.5788,45.9143,88.3241,76.6472,72.7293,93.1851,93.2088,91.6042,93.3359,78.1342,47.8426,88.605,91.0808,55.311,79.9468,60.4053,30.0477,24.3452,94.0165,99.5572,36.2415,52.26,7.4364,7.3359,11.3755,13.4824,69.8728,37.1228,4.829,12.5963,67.7593,64.7476,28.3917,38.5358,18.044,80.5307,13.7824,74.491,7.9821,58.4693,96.7241,65.846,77.2592,20.9128,65.5512,91.2343,48.7384,59.3172,14.736,59.5103,33.6448,80.1142,46.2608,21.297,65.2848,40.9968,69.3118,89.5733,97.5289,9.3448,6.6181,16.7144,22.2972,100,92.3575,6.6217,22.3723
Palicourea_subfusca,97.9349,43.89,32.5703,26.9121,24.0249,94.6856,34.8864,47.2029,38.5424,24.4433,13.6572,23.444,53.9707,50.1123,36.9995,13.5517,97.3483,67.9925,64.2457,53.8271,18.5834,63.4645,47.817,27.476,39.2405,42.1049,12.4963,8.5379,51.5076,99.9817,29.3133,37.7911,54.3916,60.5793,4.594,36.27,62.73,25.6112,1.9669,37.173,47.3839,56.0853,6.1499,42.8318,10.5061,43.3726,28.9939,66.2264,3.5889,33.4837,94.0049,27.289,34.0086,9.8985,39.8486,64.5093,22.241,66.1056,8.0578,27.3605,12.0781,62.1678,66.9299,15.2942,41.432,17.7754,45.8661,96.0278,97.3517,46.8463,3.2501,16.9044,5.4657,49.9444,100,3.6486,41.5002
Palicourea_topoensis,31.9509,12.2491,94.6413,8.1485,7.9469,12.4195,50.1082,66.7524,12.3467,2.3144,4.6898,54.0741,87.6493,96.9669,10.208,24.7578,7.6068,53.719,40.5567,74.3452,2.8461,33.0255,79.3763,4.8644,44.9427,14.9731,3.5698,3.1003,43.9167,28.195,31.0509,40.8504,61.8798,73.1544,39.802,92.4364,62.2322,80.483,9.7302,86.398,91.9279,71.5749,75.3716,89.6489,83.4457,85.6448,94.9818,88.9585,30.6779,91.7047,16.1169,9.0757,45.8011,61.7313,90.104,95.4844,31.0895,4.7242,31.4868,66.1618,14.6951,62.9049,85.9058,17.4898,84.5512,80.6011,91.6009,78.8617,6.9828,0.3977,0.0304,17.5949,0.8077,41.8662,85.3925,100,0.4572
Palicourea_brevicollis,3.6665,25.3382,11.0907,5.0867,3.4938,11.2829,24.6138,15.7008,18.0213,50.89,4.3253,1.6147,11.8139,18.7974,24.02,8.0057,15.9718,26.9575,31.9693,9.7344,4.3922,45.1556,12.373,50.9676,15.7312,57.4987,0.4559,5.7284,33.8302,2.4358,52.7073,32.2831,13.7572,9.744,1.2561,4.9698,8.6539,24.5198,27.0748,13.6855,3.6064,48.8733,2.5247,1.7363,1.9038,19.0561,7.651,20.7258,7.2737,6.2573,14.2666,34.8761,45.1139,1.4471,7.1301,28.4069,15.2914,1.954,0.4759,2.7875,2.2588,32.6522,26.1017,8.8232,11.4303,4.0256,6.8488,7.1279,6.2665,54.3789,14.1458,47.4867,22.8043,21.9598,9.2256,5.5863,100