"species","ID","wc2.1_5m_bio_2","wc2.1_5m_bio_5","wc2.1_5m_bio_7","wc2.1_5m_bio_8","wc2.1_5m_bio_9","wc2.1_5m_bio_13","wc2.1_5m_bio_14","wc2.1_5m_bio_15","wc2.1_5m_bio_18","wc2.1_5m_bio_19","elev","pollinator"
"Carapichea_urniformis",0.345592999513945,0.0216110151430116,0.0162619407069145,0.0226237655137751,0.0197430196483078,0.0190004847081416,0.0127016205476972,0.0477171337773876,0.0359827238765347,0.0856418236997459,0.0505856115468338,233.794766081405,NA
"Palicourea_acanthacea",0.412826074565678,0.0306685901304791,0.0533531818338322,0.0328726217287988,0.0725358305155868,0.0765108945943529,0.159164621148061,0.323584477263654,0.178293650470489,0.149901910136685,0.356213085063481,613.663780755802,NA
"Palicourea_acetosoides",0.424381045936117,0.0343467829077966,0.0719642271794329,0.0403862461081692,0.0848251780805253,0.0859936023277483,0.0741556015001887,0.18941686867501,0.0902428303071769,0.108066616756408,0.18565807257652,536.2153512697,NA
"Palicourea_acuminata",0.429889730637646,0.0647759188998495,0.0535530644882487,0.0736665550129977,0.0627172528106861,0.064880228320301,0.130527103425184,0.306551675449426,0.161942310317292,0.166544389488758,0.265743968013252,617.36664267806,NA
"Palicourea_aeneofusca",0.365350842469382,0.0914611248071902,0.0371627268858745,0.093708494031835,0.0402391272722702,0.0359488201467919,0.133190225362221,0.400724179920837,0.0641556480374695,0.182356406329933,0.389591009821797,218.087380224316,NA
"Palicourea_aetantha",0.342727636711465,0.00914422859620433,0.0134251063582419,0.00773998256831663,0.0192744985907238,0.0220543670188299,0.0224424055447935,0.149223059126013,0.0562390767507013,0.0307246825050958,0.119914130367274,185.819939726607,NA
"Palicourea_albaniana",0.365350842469382,0.014448621809326,0.0254879196006391,0.0111817485830444,0.0326785059847079,0.0320050090694928,0.00435456367465357,0.0610010788293072,0.0892497704800083,0.0134840970846009,0.0580761567360241,260.407570097535,NA
"Palicourea_albiflora",0.377628253640816,0.0488369106156253,0.139784398183704,0.0651279557383321,0.171590079757254,0.177027944474933,0.106411278461207,0.225719394479173,0.0944614344532805,0.13262534954997,0.193690548837378,981.122080933658,NA
"Palicourea_albocaerulea",0.394050476011983,0.017738552370772,0.0267269422233249,0.0241111979105485,0.0317859738414391,0.0309567777294918,0.0538929318444035,0.249977294039704,0.0872830450643877,0.0350634486021234,0.167531598859321,280.30477049101,NA
"Palicourea_allenii",0.423847449063062,0.0510864609516102,0.0504857650144329,0.0601599608382747,0.0579435253848739,0.0534830325967469,0.0960804984565149,0.177650804147054,0.0813498462872726,0.0910050217264859,0.226016866167543,516.744657794078,NA
"Palicourea_amapaensis",0.416629017084429,0.0415897037929619,0.0110593350260441,0.0543892026309697,0.00982458449698388,0.0104831627240012,0.0847201500347992,0.283118230500995,0.0689820694100568,0.142877995666236,0.231556604694694,104.705434358168,NA
"Palicourea_amethystina",0.427381173547625,0.0646217786996439,0.101343346299824,0.0848616098184476,0.128413432820623,0.129698744572897,0.1478291303715,0.35015449785013,0.202553501140702,0.145650818564896,0.362635174960974,845.573176412965,NA
"Palicourea_amorimii",0.352956658486791,0.012933066374059,0.00464281188719033,0.011767788946449,0.00481416189237787,0.00505808671715385,0.011982421969884,0.0523886250140826,0.0924031564134138,0.0503575532238751,0.0621132701238562,40.3230050571892,NA
"Palicourea_amplissima",0.387284403432216,0.0328629739022301,0.0728958944315265,0.057974950110155,0.0814570443446259,0.0864096741297831,0.139713113703028,0.467923291585479,0.215342768362545,0.214676432381765,0.155587196341642,796.901466437133,NA
"Palicourea_anceps",0.423425453670265,0.0429837197939664,0.0858545678509557,0.0523428580394016,0.106821990116538,0.105897235558878,0.128033939991367,0.189637310853012,0.147271409033358,0.171734871147025,0.238651242110664,563.05209996044,NA
"Palicourea_andaluciana",0.416261702322605,0.0257638826318935,0.108081452788864,0.0335023992651214,0.136624906416335,0.134857027963932,0.110988605105662,0.16167893545777,0.0726185155410625,0.148328640182366,0.159155161926706,777.005821260617,NA
"Palicourea_anderssoniana",0.393673380634146,0.0271343994976924,0.0758716470494756,0.0276611677789738,0.11413413760776,0.1145862054858,0.155817271678902,0.187451052275933,0.165740939603442,0.169580323710891,0.239665351788377,744.641467990345,NA
"Palicourea_andina",0.415227812270258,0.0560421894164499,0.058387864752077,0.0671895601795523,0.0669763020283028,0.0676050100409736,0.170504637621158,0.257660834339051,0.138059439657183,0.17670983230404,0.325314824450595,555.293936651706,NA
"Palicourea_andrei",0.412987430381647,0.0400941665252419,0.0645429453633575,0.0502387702456925,0.0811809089776934,0.0823165743226608,0.158869237774018,0.260609351152685,0.130552872701396,0.174734754290753,0.259773509128891,578.20741587081,NA
"Palicourea_angustifolia",0.429360070862509,0.0344328049106057,0.0930680344498635,0.048995579664679,0.112269225932145,0.11869633518482,0.163006933271453,0.272407299132748,0.147994652752071,0.15462236424038,0.243886949922366,767.792537224739,NA
"Palicourea_antioquiana",0.368076366762421,0.0245070247870499,0.0659309513587461,0.0328630454662449,0.0775563173037996,0.0782341013085431,0.0427418419307823,0.187300283099319,0.0966964926513703,0.117258115185934,0.0698512471078076,625.635712164016,NA
"Palicourea_antisanana",0.348235520031377,0.0128222385824071,0.0327181451824119,0.0151932095995262,0.0441680431694172,0.0428572021414784,0.0873452682988173,0.0944074441135827,0.0853002163044885,0.0737470284169198,0.088090217858707,372.632763549568,NA
"Palicourea_apicata",0.426254432173431,0.0408079717506157,0.0934770664585223,0.0436403253763633,0.122279695847687,0.123590016311649,0.165633449351845,0.316653347315701,0.1193741772571,0.172797239591322,0.305308598987235,720.815734232312,NA
"Palicourea_aschersoniana",0.40954825365317,0.0416143850620738,0.0792753865636012,0.0498805863413241,0.0977619300537142,0.101159212564331,0.115910303915459,0.252940409271922,0.11307559874988,0.124741164346427,0.279015344254341,620.03155676928,NA
"Palicourea_atlantica",0.365350842469382,0.0521628384480387,0.0210915290908338,0.0387986711653259,0.0341821183238839,0.029900774715676,0.0899331756245385,0.144549064946823,0.195562811874913,0.0711290521235778,0.109600396108887,163.343388841002,NA
"Palicourea_azulina",0.411326149423011,0.0182341214890276,0.0383231679698266,0.0277443330293545,0.05756973554649,0.061198159599152,0.0872441063310544,0.174595829364598,0.0434326305115143,0.116429438472947,0.167074140245643,621.759450012017,NA
"Palicourea_bangii",0.415587812632661,0.0276791482864618,0.0562945747254303,0.0358321982230881,0.0825317899220629,0.100211095963551,0.0981586987118191,0.199283532106302,0.0645953965997082,0.128127821696045,0.186152568863605,659.60963955972,NA
"Palicourea_beachiana",0.413224119942261,0.0506926105742079,0.0282575355901802,0.048012924092106,0.0342600466150954,0.0326753220285466,0.0562504957883245,0.249089298469022,0.103204447270818,0.0487239279952055,0.0523414110987301,321.722819539539,NA
"Palicourea_bella",0.365350842469382,0.0195210740867042,0.0603652897073892,0.0183596214493425,0.0727244704438586,0.081320735383504,0.0333316735875663,0.177132770480175,0.0633163102481243,0.207048920487656,0.193369820441805,623.759180829842,NA
"Palicourea_berteroana",0.423892005252878,0.0663176098813782,0.0388695787508512,0.065622900181461,0.0511437088695172,0.0563844233361381,0.140381493231155,0.264489308158483,0.141762604698569,0.140048552673089,0.318898575307795,482.941267258622,NA
"Palicourea_boqueronensis",0.421435741794141,0.0222089503066286,0.0323592571775847,0.0220629397028971,0.0397101846332539,0.0387865722986036,0.0590023255074266,0.0883590420820656,0.0467924936227038,0.0569437335368155,0.0918514394564171,208.199331380402,NA
"Palicourea_boraginoides",0.370543494671557,0.0415602386342018,0.015273254852651,0.0437525342079291,0.0159407496814563,0.0166344839849139,0.0396744566968249,0.183695327692144,0.0630238994550535,0.148594645504516,0.0754113001874435,165.809568189613,NA
"Palicourea_botryocephala",0.345592999513945,0.0228586690853613,0.0179535760845949,0.0216495870880786,0.0172872630798609,0.0214149825746164,0.0229203529425535,0.108132957720617,0.029957045441129,0.0341788796913627,0.102020192503354,151.292252241267,NA
"Palicourea_brachiata",0.423741735245061,0.0583218240944207,0.0312123992615953,0.0510307363706542,0.0355996355151636,0.043760281086696,0.121621853575771,0.225439113835328,0.12092283434166,0.110610192697433,0.254848568009525,357.643615484506,NA
"Palicourea_brachypoda",0.418588808239717,0.0487158067844645,0.0219278272404349,0.0328254308508544,0.0303186448454941,0.0415919476822687,0.0925917378852342,0.149273780023012,0.166901824678628,0.102612343594909,0.135288250833677,248.440126909858,NA
"Palicourea_bracteocardia",0.423292645210659,0.060369765781416,0.0256580199741805,0.0578788305914882,0.0508309688457564,0.0407380157657494,0.139720877085027,0.317968932998158,0.121639758777199,0.149835172916723,0.259992687912135,235.703099378709,NA
"Palicourea_breedlovei",0.328255648094339,0.0637591131086866,0.061694185312421,0.0688850761345676,0.0596219800580847,0.0479122993826248,0.127875813361042,0.544151838031534,0.0933994732025028,0.137440309820825,0.541544187139408,401.605065690012,NA
"Palicourea_brevicollis",0.420875144824632,0.0427970638640495,0.0265667974069392,0.0487229060900251,0.0414323005175178,0.0419058439713898,0.066949174887982,0.340787017269734,0.256392508071153,0.0671761051921165,0.283483789386093,254.641228840334,NA
"Palicourea_caerulea",0.423787344769742,0.042821056594486,0.032933050533703,0.0716235575792496,0.0410347510252302,0.0473808209510851,0.162773672558483,0.222260451214615,0.15478732257107,0.187363116659557,0.28071107028008,443.224097401382,NA
"Palicourea_calidicola",0.418549909409132,0.0453686871789394,0.025230257633824,0.0408386495221267,0.0335074305868123,0.0355455635995377,0.0680666462775109,0.266493702578316,0.135450330579821,0.0554253417680485,0.0727985407761179,292.787631216507,NA
"Palicourea_callithrix",0.398277162796213,0.0395754645757466,0.00776634975515773,0.0472368996882899,0.00938368280968792,0.0152743592236836,0.0673343635671373,0.210028467682402,0.111909908827363,0.144991507176977,0.232299472173211,109.812587759235,NA
"Palicourea_calophylla",0.421507984770967,0.0425211594574139,0.00981080690239583,0.0461697467647151,0.0103049631464503,0.0139618100265309,0.0928325288809957,0.24306201528638,0.0877700742909563,0.0968124588279981,0.235042915557338,139.294236871207,NA
"Palicourea_calothyrsus",0.408838221253058,0.0330362968300676,0.0907429846991491,0.0311844803879054,0.138657776043313,0.159591005107094,0.177452331004505,0.477199417999677,0.192579348781775,0.181401578232889,0.487769378941356,763.571783044491,NA
"Palicourea_canarina",0.40711646756601,0.0260386937667214,0.0382572704691126,0.0270530031802959,0.0508120479018951,0.0519198040548428,0.131628451475248,0.155161906805122,0.106028565209888,0.132114268473217,0.228348860635797,413.286109224142,NA
"Palicourea_candida",0.378484750459332,0.0350000706409969,0.041804055727141,0.0411096900424663,0.0546484871184146,0.054722559435938,0.164612214752506,0.199315116957367,0.0677072303966563,0.133903551538133,0.285056042930971,428.972310196101,NA
"Palicourea_caprifoliacea",0.423680200179324,0.0493697625784292,0.0688748656205276,0.0644947598325547,0.084281433294554,0.0853189562401585,0.142920701131634,0.254011547779025,0.147733931221873,0.186609218825576,0.304474411581768,550.455714382423,NA
"Palicourea_cenepensis",0.401783795787494,0.0276233771347939,0.0345797124151376,0.0319744187604826,0.0414367463140814,0.0369632222784418,0.160535557381005,0.163133997591801,0.0888772127059805,0.134628883278499,0.211908417901251,368.650579274784,NA
"Palicourea_chignul",0.380104237565675,0.0232288358961099,0.0956687368923973,0.0287843165919421,0.149104772353404,0.141606950526756,0.173955517186563,0.308827859276278,0.127759887117031,0.205018814657058,0.181955536115995,859.18260005886,NA
"Palicourea_colorata",0.423741735245061,0.0534344643733935,0.0274282635377399,0.0670642527357895,0.0313430821355528,0.0417384553193271,0.0955969489225208,0.479666743892886,0.175884733744598,0.243003476332643,0.44330116560275,347.959418546322,NA
"Palicourea_conephoroides",0.42057264775473,0.0276673731819176,0.04645668188111,0.0454836334582727,0.0659000706613906,0.0780048933773641,0.154030296915013,0.31457421455499,0.192609561471946,0.162215811379164,0.275591765707325,621.524681026792,NA
"Palicourea_coriacea",0.42700913228842,0.0360108610286516,0.0258548724976745,0.0319836212274064,0.0268419402620041,0.0357905900921213,0.0521115748918273,0.307415994632168,0.0529829797767963,0.101531214076991,0.236595955661251,256.882886723972,NA
"Palicourea_correae",0.417721042859082,0.0441505188708456,0.0277716052889552,0.0540608692752203,0.036124755936179,0.0376599038114365,0.0524981625636104,0.23008021647594,0.0765623332134737,0.0941912230397522,0.14766459504979,319.607591213348,NA
"Palicourea_corymbifera",0.426710565181562,0.0665782114662587,0.016035502303617,0.0822716265667727,0.0164010124341236,0.0244979731565584,0.0766604135858699,NA,0.194428811769491,0.170799948957141,0.3975709324292,214.521959773484,NA
"Palicourea_crocea",0.427691626806786,0.0793352008983589,0.0319984593643136,0.113014412255493,0.0343786889091457,0.0685505915046083,0.1367798567298,0.460490590680433,0.187786139923254,0.176288685906106,0.419568005710254,321.490367141515,NA
"Palicourea_croceoides",0.428399042319151,0.0820329589670263,0.0445519401675496,0.105959637154501,0.0509421213254689,0.0754629647341354,0.131108566576725,0.378158554701148,0.150169768942373,0.195792654678971,0.365138746980238,479.172313547681,NA
"Palicourea_cyanococca",0.423458074997967,0.0428131579106285,0.0324948757266446,0.0409604753000797,0.0439754713789556,0.0432645202718836,0.0781260863514886,0.254735033952375,0.118487249165313,0.116327054860397,0.181637691094428,412.399170828916,NA
"Palicourea_deflexa",0.423832498090665,0.073573955589077,0.0314295761192311,0.0982991932419838,0.0353990455520347,0.0743021214451466,0.149659422595133,0.345654019784894,0.18101957184963,0.223442474464647,0.434738970281979,353.883205456319,NA
"Palicourea_demissa",0.42731733552602,0.0455174608864771,0.0827564994970963,0.0625117428644984,0.103031843727715,0.108172772902685,0.130744310468062,0.300511362405184,0.131764176548975,0.143206534107668,0.287877202978044,741.976844819188,NA
"Palicourea_dichotoma",0.423392602620296,0.0630701181522318,0.0347890412699824,0.0659009839914557,0.0425907409179735,0.0581244230810005,0.221455597005249,0.32147711486552,0.237254773763009,0.178154944559789,0.306073071585536,307.767402048012,NA
"Palicourea_didymocarpos",0.419110585949848,0.0570189498705945,0.0241911964002182,0.084642582350402,0.0339352307065665,0.0523073058125038,0.114671352727663,0.348403634481731,0.133430150086111,0.197253034116605,0.351863647740785,391.475382894877,NA
"Palicourea_diminuta",0.409774522492107,0.050106203480248,0.0213078414535026,0.0588596055515941,0.0209443486088544,0.0256440910378172,0.090063856458568,0.295334933202656,0.0980116904797135,0.141596103318159,0.292719145704094,229.890030348512,NA
"Palicourea_divaricata",0.423458074997967,0.0767224034893897,0.0244730024453817,0.0603549988016037,0.0329301692766325,0.0374299123932607,0.162574438985401,0.425669826755435,0.303323904201998,0.182910752192149,0.250806891954266,250.621685163018,NA
"Palicourea_domingensis",0.424023062873382,0.0639726315274126,0.0288639947520814,0.075002837967656,0.0280825195578054,0.043122668656847,0.172416019217065,0.34808039781487,0.126546037638673,0.140364477934263,0.239912655426112,270.304371293342,NA
"Palicourea_egensis",0.412578487647678,0.0435682230502161,0.0174465764399903,0.0487091033107647,0.0139326575934296,0.0167444477763753,0.0561552831755444,0.344957740956451,0.169296398241623,0.172288328824931,0.228651507073589,163.689597713806,NA
"Palicourea_elata",0.42415034301636,0.0461778065698431,0.0386622537130866,0.0633213068343652,0.0514298445465943,0.0535417308116723,0.0813063001680821,0.22257973117613,0.107384407821398,0.103920647835901,0.226635130377487,455.731883661782,NA
"Palicourea_ernestii",0.40382756032225,0.0403407887988752,0.034711087148563,0.0381275685231634,0.0387252487777712,0.0444711193625557,0.0437897196400841,0.255478263246846,0.11959401253666,0.102383444472046,0.321934049614278,436.674052960275,NA
"Palicourea_eurycarpa",0.419885068438597,0.0353709607707143,0.0303196317268337,0.0291013821210582,0.0400352108297934,0.0390728653558664,0.0459905961390237,0.247837246653202,0.107784672012669,0.127053810855624,0.122502246569145,373.052232609058,NA
"Palicourea_fanshawei",0.394419072788797,0.0148339181960221,0.0244678221653912,0.0132675633817895,0.0296535837132602,0.0353196389179175,0.0219706730049722,0.179690997714188,0.0735045394094366,0.0576154813726321,0.177354381594261,310.462401179423,NA
"Palicourea_flavescens",0.40711646756601,0.0248274500194979,0.0814668559094819,0.0313889505538383,0.110630831248996,0.112810427802949,0.116278100865965,0.219700164109976,0.15789978730617,0.146401161385215,0.263827230493347,625.715279920794,NA
"Palicourea_flaviflora",0.416315282593578,0.0430393195872515,0.0340842998262301,0.0554836040124938,0.0506930812183,0.0625783528232345,0.154600829377056,NA,0.204794667696739,0.158134791515167,0.33326004934334,491.572284895891,NA
"Palicourea_flavifolia",0.418106491619547,0.0364046174906217,0.0434402104782668,0.0491568726044183,0.0640666762809086,0.0660939472112666,0.13755090463382,0.316279559512331,0.0610518040065784,0.144588005136201,0.246581185059062,635.474261723819,NA
"Palicourea_frontinoensis",0.372790048328773,0.0181838234279145,0.0468059356758257,0.0222284777285382,0.062776544069024,0.0599323882730089,0.0463771655873539,0.108295354918803,0.0794910163055029,0.0797527347788616,0.118290584186742,615.100958700228,NA
"Palicourea_fuchsioides",0.362319376987068,0.0331198257108794,0.0679679448542992,0.0386420911318398,0.0931907323607911,0.0947226650339797,0.0682096050927326,0.262475046601134,0.0996521167911216,0.071141048234178,0.324289305928561,656.478605896643,NA
"Palicourea_fulgens",0.415288952964158,0.0378207370800422,0.0261510905552133,0.0362269389184756,0.0312043724078882,0.0480101519684396,0.0683483579878266,0.254851389133459,0.137523465650979,0.0482558543200557,0.150467858507739,284.689587767712,NA
"Palicourea_garciae",0.426229946516466,0.0397194197731209,0.0705748068912398,0.0524086559258326,0.0840087990757603,0.0900419668993065,0.142624222716397,0.262698158772544,0.11072399177448,0.133169736647966,0.199064257902382,588.111797223554,NA
"Palicourea_gardenioides",0.414111589411665,0.0516453592005341,0.0169220501700197,0.0456444800394569,0.0192114844842718,0.031168346837991,0.0912970399860254,0.183938083966527,0.0718025813907464,0.125354444084969,0.238402093220455,253.896433118047,NA
"Palicourea_gemmiflora",0.390308179574176,0.0210470877774809,0.0440996306744972,0.0296471422901982,0.0632076909526695,0.0678475301326172,0.0626707189420707,0.186542026615367,0.144598782571717,0.0577563799158497,0.195024349679316,538.623710780432,NA
"Palicourea_glabra",0.417721042859083,0.0441295522204012,0.0278203108618388,0.0402689849694074,0.0353874193255306,0.0354820130421632,0.0902474736030099,0.244365877802495,0.153189559707674,0.153254050776596,0.142169274574931,246.914186178653,NA
"Palicourea_glomerulata",0.423433616846734,0.0586865482195518,0.0226255251650488,0.076967449456471,0.0248183423247764,0.0252483074578121,0.100328689368331,0.291454434093055,0.122243919784428,0.143769943104558,0.239230026670452,251.796714227408,NA
"Palicourea_gracilenta",0.423586313186936,0.0614502366151318,0.0418482951758494,0.0738770807894088,0.0447083811632529,0.0674603121920251,0.106646752682048,0.313875507061872,0.138894262799377,0.201843609388431,0.310177907424115,527.311675297848,NA
"Palicourea_graciliflora",0.413378466271256,0.0314088034847259,0.074435287736817,0.0409928381191662,0.103989170586572,0.11695601921641,0.18012312201878,0.330517971773263,0.136626379920437,0.156687458191908,0.22148631948442,632.500890196082,NA
"Palicourea_grandiceps",0.411421342302487,0.00989014861282043,0.041807253337212,0.0139492251693875,0.0543967037828509,0.0542034438129951,0.0973881229001899,0.14668408264995,0.0883172439712633,0.114587749530395,0.10132152601432,493.506277688554,NA
"Palicourea_grandiflora",0.425050960323204,0.0493797246813944,0.0380092125351109,0.0785731405803615,0.0413234939116611,0.054074699584724,0.0950699305535973,0.442112074346915,0.17904814557362,0.170129688767846,0.389336360828271,509.061690295894,NA
"Palicourea_grandifructa",0.393287465213812,0.0091429642259918,0.00682907483217626,0.00952051358956892,0.0087013900561657,0.00928300423559972,0.0478927404230175,0.194334709777678,0.0474525364249485,0.0494946095713231,0.0620674321280322,88.8060088706753,NA
"Palicourea_grandistipula",0.400387045710426,0.0471432695925249,0.0422533973745597,0.0640375565778336,0.0489966096304354,0.053871603595742,0.18674092428899,0.425782323439169,0.175531800573163,0.277353815813135,0.223497924560741,523.726483450173,NA
"Palicourea_guianensis",0.431447992997882,0.0728925156725665,0.0379969772342042,0.0805978461216497,0.0433383671030946,0.0514422741105082,0.14260980633893,0.420886088012837,0.190399297424954,0.200793849946348,0.340184263245905,454.433972712355,NA
"Palicourea_harlingii",0.373840380929147,0.0400050745611498,0.0547509376223343,0.0478785401042502,0.0714003642904384,0.0647989792663926,0.164320980240288,0.296293013031345,0.164832942236254,0.192669718450493,0.173735096771623,548.619714291321,NA
"Palicourea_hazenii",0.422567160373429,0.040347337034379,0.0645719054811892,0.0575495490026784,0.0795705801218344,0.081156520914788,0.150090788009541,0.280292968160136,0.156190286038376,0.139061993398121,0.281537094901437,573.93915579136,NA
"Palicourea_heterochroma",0.416315282593578,0.0454042759798093,0.0762049450076685,0.0599575444439757,0.094680937090578,0.100733498416956,0.146726207945777,NA,0.157569189200113,0.17467287573652,0.422142431101579,661.685681086115,NA
"Palicourea_huampamiensis",0.411792872621925,0.0316992807740038,0.023399193661996,0.0334556445496156,0.0276144563184312,0.02922399764127,0.0935673905437879,0.232906847205968,0.185243969441565,0.159587711726343,0.166977158351144,287.323000304648,NA
"Palicourea_hypochlorina",0.390308179574176,0.0265666655418922,0.00545926865187578,0.0271396409773799,0.00399918908320137,0.00813821300276995,0.039114015950093,0.116935791907067,0.141416693686491,0.0458304323900062,0.140002513811758,33.6132814832919,NA
"Palicourea_jambosioides",0.421064561492816,0.0810128647129164,0.0124458629014352,0.0645840831823054,0.0214434303880802,0.0278749215609762,0.123601328358831,0.427483172898612,0.238678354167492,0.128437298181623,0.390539445174709,205.842616209511,NA
"Palicourea_jelskii",0.401103300065057,0.0279765190417904,0.0626721141804734,0.0474601130877109,0.0880932028846599,0.116250510278828,0.0925948243247663,0.236455790726101,0.150782035195099,0.0933788663927538,0.169267864608076,744.936090710458,NA
"Palicourea_justiciifolia",0.423649118049427,0.0592062558681708,0.0372395626305358,0.0751882344541618,0.0329246907764786,0.0685372154458962,0.155563862241575,0.371878672057671,0.186120141245133,0.211955121349574,0.402672001928164,318.188534895361,NA
"Palicourea_lachnantha",0.414319800377884,0.0259572270773778,0.00876751926750729,0.0246580253612117,0.0111011554214758,0.0115975585377544,0.0459670776485613,0.146421656735756,0.138788496540263,0.0498381962103701,0.173954181314096,129.812773879545,NA
"Palicourea_lasiantha",0.427783146487701,0.0460909599493568,0.0368889859187969,0.0754165201066246,0.0455226156477678,0.0469998146966114,0.139092032070686,0.365315495421614,0.198589912320373,0.169645600528077,0.337647117339103,463.089088633069,NA
"Palicourea_lasiorrhachis",0.427919871400485,0.0255958022322201,0.0674380728455848,0.0277412537034452,0.0818587341378478,0.09227971102183,0.0970948165741168,0.261291641175885,0.124270063376659,0.132261131900342,0.210674261382791,538.82893622805,NA
"Palicourea_lehmannii",0.390766436426045,0.0179294204603768,0.0486623247313441,0.0319536772032681,0.0489840858083276,0.0568231756028375,0.114810310499117,0.233308472757422,0.101476185651416,0.148025413239383,0.104655149004113,500.932535987386,NA
"Palicourea_lineata",0.422702123630349,0.0637153003372688,0.0911835136151347,0.0838946883969573,0.128988877594174,0.145003275902982,0.141437766758735,0.294993554480657,0.154656323399972,0.166272689819847,0.35398538347295,877.169322762565,NA
"Palicourea_lobbii",0.406528155865335,0.023402070624113,0.0429645512273608,0.0223446878738301,0.0604734212973759,0.072502671812502,0.102848133671798,0.253355667163573,0.12640180031481,0.09916341049937,0.224306800998207,400.92954143949,NA
"Palicourea_locuples",0.390308179574176,0.0367216407018544,0.068094748340172,0.0430087054176109,0.0857094582829013,0.0869410169710327,0.144188152392281,0.235465276761882,0.107901452669843,0.168796019928472,0.174933697323774,629.858928741145,NA
"Palicourea_longiflora",0.426832441584934,0.0597781391892805,0.020562358468589,0.0663857967964461,0.0231048829623804,0.0306831501695678,0.0699650465202988,0.320956138616337,0.110900305336863,0.152084498650848,0.276177376905551,257.879368861237,NA
"Palicourea_loxensis",0.415988013241016,0.0194119505569899,0.0371230175414528,0.0195815237271686,0.0485525964370709,0.0537253087149611,0.105715323872567,0.108454044644664,0.115067568396917,0.109725972710491,0.175663706967196,405.450679298,NA
"Palicourea_luteonivea",0.421263392880724,0.0323629714826481,0.0460240272088216,0.047110480566992,0.060931877130531,0.0664205061982381,0.126258901553965,0.315593199755444,0.180924787167831,0.147335469419591,0.284859529058644,521.266981125027,NA
"Palicourea_macarthurorum",0.412907115579767,0.0403126260696319,0.0421141798956787,0.0317716819585665,0.0588181913477021,0.0546396656061463,0.104899924231757,0.170720534758015,0.0978103708152896,0.126249253168832,0.139493252414847,570.570463855773,NA
"Palicourea_macbridei",0.398834360259742,0.0147529208838555,0.0554261245344859,0.0191994118319815,0.0906133312743716,0.0923470308320561,0.0781982151055422,0.128042310073352,0.0338936997983209,0.106625683652602,0.130799950194353,713.672093345561,NA
"Palicourea_macrobotrys",0.426326870325417,0.0486840899890935,0.0390105774305987,0.0691660112904518,0.0516347136628628,0.0680383768964986,0.149151569488766,0.368802118207178,0.150723088935122,0.168078549162913,0.290259210180664,568.009733611063,NA
"Palicourea_mansoana",0.424902213702439,0.0380704085056272,0.0321343675469848,0.0661361308932439,0.0418063433943394,0.0445915774854347,0.125561935018581,0.387279300487038,0.211796108180072,0.127573139306615,0.350814948432918,458.942410601358,NA
"Palicourea_marcgravii",0.430123547249069,0.0588181849241527,0.0363855891149554,0.0650041621244338,0.0365027685322641,0.0710722439122952,0.142553195932124,NA,0.126127970638227,0.194007180600203,0.417544352864965,350.97460777301,NA
"Palicourea_mediocris",0.352956658486791,0.0359686900693432,0.0490715740512218,0.0438110661845718,0.0620086595230604,0.0646263358897383,0.107434757734458,0.148834578166694,0.0524047794269785,0.120718956769284,0.161871814068525,607.669231356041,NA
"Palicourea_minutiflora",0.409774522492107,0.0990249257067793,0.0279473107766294,0.0793673030852204,0.0293906789894722,0.040075310155538,0.128495223288064,0.508590066781889,0.318235697800315,0.230322089384724,0.350178713544495,200.542588467567,NA
"Palicourea_nigricans",0.426717665029826,0.044481881987259,0.0257908066809113,0.0483059468348826,0.0345394693382154,0.0382667323479427,0.0944423272061488,0.235264212322102,0.177253822440191,0.109104725706181,0.280778881140297,390.911046520932,NA
"Palicourea_nitidella",0.427477235432264,0.0642561709546998,0.0196421300610532,0.083968737299646,0.0139464175408845,0.0223885225438025,0.0681768349263995,0.488261859063687,0.1591593282721,0.175297132987823,0.363890296886148,175.078709237911,NA
"Palicourea_officinalis",0.424498329698887,0.021035221235735,0.0242357173546623,0.0190994706389618,0.0261322994840997,0.034210877505316,0.0368839144549091,0.187178404180248,0.0266437911969336,0.0627550864019218,0.154383204948064,238.535574669499,NA
"Palicourea_ostreophora",0.422663933777624,0.0322680981568025,0.0402417037584484,0.0398017319701321,0.0512433970778975,0.0510943408915311,0.161599355484902,0.379737235764945,0.205114043623802,0.187699389649289,0.338658903533752,485.729747010309,NA
"Palicourea_padifolia",0.423994271584301,0.0443889773949715,0.0406032990462515,0.0797715366218135,0.0464934106296437,0.0533575430649201,0.132069916955583,0.302666074667641,0.104295837560846,0.122313374068806,0.392757296382643,348.339894293148,NA
"Palicourea_palenquensis",0.411034786535055,0.0389640939343111,0.0554166096127881,0.041182871572016,0.0763194246471941,0.0723400364209278,0.159652955475561,0.471661414548994,0.235980859395153,0.197882814762702,0.46197139724333,732.165619491592,NA
"Palicourea_perquadrangularis",0.423425453670265,0.0391463685383193,0.0792451875888985,0.0592983758620074,0.0844302684302316,0.09009009691211,0.141122552424628,0.385232499022985,0.165680877924155,0.185075518333417,0.373058924743716,793.819834858415,NA
"Palicourea_persearum",0.390766436426045,0.0452612469664043,0.0228968540373664,0.0589715653367038,0.035965891223668,0.0458096502440178,0.0807433339954189,0.181184729517078,0.0652051415151922,0.0678683593518001,0.291636330758333,357.626581057208,NA
"Palicourea_petiolaris",0.410835566233986,0.0511464829112181,0.099989346478842,0.0608307862862195,0.110037382099364,0.118906527943088,0.154804917411877,0.181744092526337,0.0917703109027793,0.101994553250264,0.430179224239427,849.491765058607,NA
"Palicourea_polycephala",0.418106491619547,0.0344662935747105,0.0164245234090651,0.0339455911406629,0.0186310826718733,0.0232567096219287,0.0408669609672364,0.188066017285012,0.111438303911446,0.145399597946733,0.234270011641014,195.86442442925,NA
"Palicourea_prunifolia",0.423649118049427,0.038861616212905,0.0347029947852679,0.0487006126051448,0.0370620959942301,0.0562387774171668,0.0587686004756243,0.363257367283221,0.0853407985077073,0.132492625493941,0.461616325020752,380.29918476131,NA
"Palicourea_pubescens",0.423772192644416,0.0610301822430641,0.0313168986143432,0.0652476968466409,0.0389801626787261,0.045819421928233,0.127173119186679,NA,0.155754816739211,0.165724696019377,0.461209202443501,398.469807599004,NA
"Palicourea_pyramidalis",0.425363936106637,0.0298552228510238,0.0378330779621155,0.0376454319473526,0.0441074954619061,0.0413538538738574,0.099242465264466,0.185999184569708,0.0807796812721586,0.103946485753858,0.167435421149582,367.190748480209,NA
"Palicourea_quadrifolia",0.419979333189335,0.0540487045265792,0.00882535567179258,0.066512431516458,0.00998899680772259,0.0168933024299567,0.102814736867413,0.3039655475335,0.109172772705178,0.151762680522406,0.318084800438998,120.233699909983,NA
"Palicourea_quinquepyrena",0.33242653120982,0.0332929541572148,0.0255869711739968,0.0439873399220606,0.0382020079764826,0.0406383964592634,0.138456909073566,0.174257968699672,0.0690596000723096,0.156174680681264,0.19500331684879,404.986941859763,NA
"Palicourea_racemosa",0.42372642942718,0.061844254625097,0.0251806907140954,0.079699991357049,0.0234446057537233,0.0535512957883483,0.133938201310901,0.366906800989589,0.162220744699717,0.217146844414521,0.370953737937225,237.086273218813,NA
"Palicourea_reticulata",0.422096556617737,0.0462438583902567,0.0760969698854511,0.0626035605545799,0.117339469012026,0.152424084943271,0.122975562222223,0.290286820075273,0.144748232658958,0.155700512623564,0.259178798232071,884.440617658244,NA
"Palicourea_rhodothamna",0.411132887092531,0.0398594625673998,0.0308572578308554,0.044388627161112,0.0425189769828297,0.0449293253388944,0.0864564233761473,0.216261698358577,0.156764802534018,0.113682382282454,0.20809487160339,419.12991983883,NA
"Palicourea_rigida",0.430292578631799,0.0539797628014063,0.0410083073175854,0.0724642714050811,0.0422963990156333,0.0756716745079434,0.13126961365759,0.414851426100742,0.118953655671177,0.172134163439134,0.473440004883675,397.722292229729,NA
"Palicourea_rigidifolia",0.409433225859641,0.0573720529233791,0.072692119555219,0.0508486081106977,0.0880390418315838,0.0938588325839706,0.0996721034252984,0.353546319241704,0.125323552649956,0.151192237225167,0.251698230246825,702.361622788373,NA
"Palicourea_salicifolia",0.420458630019136,0.0162118664949875,0.0595724591530624,0.0150643326948796,0.0758405997926897,0.084902250698941,0.052382727730857,0.22593007755747,0.0875689864476563,0.0933920565005362,0.156986552931377,454.714677481996,NA
"Palicourea_seemannii",0.412987430381647,0.062477593495326,0.0683939105661902,0.0511923632737293,0.090170042140405,0.0958599116820268,0.172288609231529,0.558908534530081,0.210618399340525,0.184080382362606,0.225848058489556,745.933793327949,NA
"Palicourea_sessilis",0.422181558309215,0.0602803097677019,0.0282588122048659,0.0506749174468741,0.0365340273420146,0.0611908272163084,0.0954709279061873,0.293997516309027,0.19139451391475,0.125495335178194,0.291882897994224,361.24648823626,NA
"Palicourea_skotakii",0.397095615475532,0.011363275438166,0.0551562886387799,0.010603669451191,0.0674432077165758,0.0762334260744206,0.0513914415403809,0.154576389516169,0.0725032779476516,0.0704774536028612,0.150020308632278,410.731749869519,NA
"Palicourea_sodiroi",0.408207788698008,0.0286644826589246,0.0478510092354992,0.0276641414544595,0.069591339827429,0.0649847818395756,0.146736117308804,0.208025068371502,0.109643804747435,0.156633408991061,0.219232902862888,598.901154318471,NA
"Palicourea_solitudinum",0.422723835297377,0.030699164402693,0.0367400511995509,0.0443595297904759,0.0383445174997336,0.0391818368492532,0.0903507033805934,0.177662845012944,0.0868286483073611,0.0674325959958793,0.092772794263794,413.502540381721,NA
"Palicourea_sopkinii",0.339606497156978,0.0438320117425836,0.100030947690148,0.0405874444050378,0.121332783549562,0.120212764957972,0.108677567026776,0.173676993766363,0.0998543513990915,0.118378174667136,0.122659454795716,834.342295863434,NA
"Palicourea_spathacea",0.399631905457846,0.015565130619958,0.0429665765305742,0.0140668106788214,0.0562174394366865,0.0588511985775071,0.0461633071992025,0.134263069393968,0.0845283544561057,0.106557440893539,0.0963111281103641,426.196870646676,NA
"Palicourea_standleyana",0.425301207285895,0.0228626797385868,0.0356544560300178,0.0413642775080609,0.0380456454230849,0.0389419601825427,0.122192556254862,0.203869599114215,0.062002771647387,0.0929932185939289,0.0830138038369917,326.212863781565,NA
"Palicourea_stenosepala",0.410734413223352,0.0400040198248665,0.0789865636016962,0.0524591669261165,0.100709212368821,0.103672268939934,0.157605606994804,0.339302209531129,0.18804345392119,0.184845051405305,0.335224423718775,756.448169599803,NA
"Palicourea_stenostachya",0.42372642942718,0.0430040248261615,0.0192043655324992,0.043931744703376,0.0256205933971217,0.0266296628474596,0.107133978382655,0.229589345413086,0.160209682931485,0.107341459398003,0.256745928992262,324.812949003646,NA
"Palicourea_stipularis",0.424759881140286,0.0838297755290141,0.0495323272079409,0.112895959005755,0.0613320420701911,0.0684346968493072,0.101406892910809,0.237641371988503,0.119665508882483,0.113989890775785,0.379199736577492,471.482397037285,NA
"Palicourea_subfusca",0.42372642942718,0.0342757459833744,0.0516189849043971,0.0662527250893489,0.0690688942849325,0.0722793891906429,0.133366319770349,0.370368357958559,0.214400657328472,0.177035848905789,0.337433758828567,530.756585368247,NA
"Palicourea_subspicata",0.424446603589357,0.0452964945223398,0.0268012070812843,0.0616902677170323,0.0324939033663217,0.033321595544433,0.117656941407409,0.403383383902723,0.208031567458542,0.156046971803028,0.302314744076664,375.73110216075,NA
"Palicourea_sucllii",0.378484750459332,0.0212737669106749,0.0419971193713719,0.0112687924910029,0.0531963012433937,0.0630571852466292,0.0608643062234767,0.12752197639996,0.0245889277345926,0.0725331852536583,0.113026021139615,484.548034327713,NA
"Palicourea_suerrensis",0.423489456211735,0.0424255431855102,0.0224626982820605,0.0401949446196487,0.0266355409344423,0.0268903145715273,0.0737187852428802,0.236360577486477,0.113134340033393,0.115290939551984,0.185008786633661,266.833496304655,NA
"Palicourea_sulphurea",0.416098664021854,0.0592218284554489,0.0971479106990801,0.060802012559139,0.126529720279866,0.127122110609541,0.155888112351293,0.257081415112013,0.140310208735037,0.159742144493374,0.342677804091745,953.771041666363,NA
"Palicourea_tetragona",0.426799125443509,0.0462209150699115,0.0230895662469007,0.0768536679025074,0.021658535601031,0.0333038040448039,0.101779501985061,0.250733873006665,0.123455517256034,0.0874624710888141,0.301962442675372,253.635000538213,NA
"Palicourea_thermydri",0.40525356434095,0.0164331624599139,0.0445234055821502,0.0200345248983739,0.0530396278845729,0.0585045697188383,0.0574883169373986,0.144861071604652,0.114027052666112,0.0724667669533291,0.067261284100378,497.751573196601,NA
"Palicourea_thyrsiflora",0.426989635331553,0.0572317248410986,0.0644173547628894,0.0737020024764378,0.0758076821965198,0.0802746169454966,0.124235005073791,0.27044320002969,0.143016343047095,0.151200803660718,0.349827706187383,650.439249166109,NA
"Palicourea_timbiquensis",0.40711646756601,0.0438113597615139,0.0211017716465886,0.0395319841295463,0.029680333718453,0.0311573170949964,0.156175611220411,0.296173205566403,0.198719013116244,0.161245518455803,0.357697191289337,346.752069409332,NA
"Palicourea_tinctoria",0.419181823859669,0.0391498888277155,0.0459379509606903,0.0621900044684944,0.0614715708867102,0.0733772781503716,0.128703656830762,0.37365227501096,0.196022180842776,0.13501234396009,0.322465205477103,546.824697780806,NA
"Palicourea_tomentosa",0.425280069999404,0.0644458087858858,0.0424345990527506,0.0671752413959873,0.0533350967403808,0.0533384837226392,0.125967053918156,0.334320659506215,0.177223014521568,0.16793073585803,0.275615582100461,524.445024860306,NA
"Palicourea_topoensis",0.383685428709229,0.0243848768772153,0.0327709157529586,0.0311134775001622,0.0427384564536288,0.0445956778603878,0.220299336165921,0.233818915636603,0.0827863784205989,0.227215272126785,0.309224007384645,412.324501094585,NA
"Palicourea_trianae",0.405747848498788,0.0303308258518386,0.0659736883260344,0.0389861269781238,0.0806047441790543,0.0857080341859513,0.204340143249048,0.38157967376636,0.171501596968292,0.230452381779777,0.241272900192629,699.690117962713,NA
"Palicourea_triphylla",0.428819825086218,0.0737570626450017,0.0374743612252847,0.0817604932952688,0.0437576574140226,0.0527262911339085,0.124341938209968,0.390855388987797,0.137368303811064,0.206282784724006,0.360545598966292,447.608738524242,NA
"Palicourea_ulloana",0.408077150394223,0.0205801192659966,0.0600866849670846,0.0247598473759909,0.0845007065853051,0.0861400029850636,0.2094731825626,0.21141105876585,0.0701285777062222,0.207043928272122,0.283775621259346,603.829218757853,NA
"Palicourea_umbelliformis",0.408464427296273,0.0842378880909942,0.0281797213278356,0.0741088083690008,0.0387186528330997,0.0391339877925071,0.0481291200659257,0.306019444414498,0.122225448897744,0.0579641359708725,0.105006386437965,367.365044343068,NA
"Palicourea_valerioana",0.404738056188377,0.0311022549716482,0.0271793186124602,0.0247256369079244,0.0321662001831913,0.0325313170206407,0.0385013065752186,0.17043285560552,0.0491510998789405,0.0879592589706117,0.0840204750865227,292.044311799368,NA
"Palicourea_winkleri",0.423832498090665,0.0488192022407011,0.0396171529236949,0.0601934623022502,0.0485416741409769,0.059019139777959,0.113864432607758,0.309502079142409,0.1593872709904,0.115207975821714,0.321780274549489,518.475437533659,NA
"Palicourea_woronovii",0.393673380634146,0.0394163898064702,0.02598409137559,0.0397556775415141,0.0350570177857605,0.038643637537255,0.100827318577588,0.210408450258638,0.16755289048012,0.131769522017936,0.248161616965398,415.092920481707,NA
"Palicourea_yneziae",0.381610838133135,0.00739401303904414,0.0124387756616435,0.0159515438660778,0.0163642835242996,0.0147031089976048,0.0243086793881037,0.186186540266586,0.169559138518299,0.0400719638324658,0.201415654527879,208.991789566749,NA
"Psychotria_bertieroides",0.421337915743671,0.033146078626521,0.0353167523385331,0.0359017403396373,0.0432143096546495,0.0464643552329528,0.118115808123125,0.268876784834557,0.167455785306623,0.134166039333044,0.241163575465401,450.638521613644,NA
"Psychotria_bolivarensis",0.390308179574176,0.0492962328329936,0.0565872135255748,0.0413929454273534,0.0786939639748746,0.0774932954369964,0.0693382171409774,0.151539331096298,0.112212010791413,0.0946006141111164,0.185159823699479,598.436420031674,NA
"Psychotria_bremekampiana",0.365350842469382,0.0820024105111146,0.013773557467747,0.10872821696313,0.011899473712623,0.0209257477608536,0.0306761011293293,0.512814951210601,0.106975312608245,0.140472802265682,0.426844382311823,150.15761899188,NA
"Psychotria_everardii",0.405420613718502,0.0359728329456421,0.042343347612879,0.0348860247524111,0.043003107015352,0.0514115942795699,0.0390748793589384,0.238864253104391,0.0992757076880973,0.131389152007472,0.314149811163107,546.090633873674,NA
"Psychotria_hebeclada",0.423602095203275,0.082573015570779,0.032477645377978,0.109210497263762,0.0391401021539673,0.049692334762142,0.129936538014319,0.398988204474556,0.179252063830985,0.165032803482998,0.356419804345493,468.146072032919,NA
"Psychotria_hemicephaelis",0.390766436426045,0.027420578929961,0.0341272656336478,0.0256318460096896,0.0472750844643493,0.0532693816467844,0.0821315705349721,0.151569108239448,0.0700278944468211,0.0556848022749904,0.138002552360226,476.487431476789,NA
"Psychotria_limitanea",0.412826074565678,0.0426936332886933,0.00898541083079098,0.0318903203173755,0.0132482517970896,0.00985194739398283,0.0461387403804057,0.132483675002069,0.102626349522387,0.0766453410344993,0.1164396346683,101.154735408849,NA
"Psychotria_lindenii",0.417124161215312,0.0191897719791375,0.0312943484631326,0.0257737594581316,0.0320780207801761,0.0366155736531756,0.0746389656593855,0.244708940485738,0.104923687309844,0.113084296966739,0.238691274985231,315.727403435684,NA
"Psychotria_luxurians",0.423522638580939,0.0635452059202763,0.0435446632332966,0.0701559653772369,0.0571180157642515,0.0649083494985389,0.106300473647283,0.328765782416236,0.131937632962342,0.122455268306596,0.278359857260752,579.529315415869,NA
"Psychotria_muscosa",0.417076124998879,0.0640364145906371,0.0249757005840481,0.0706689138342161,0.0292714952263893,0.0308341052829713,0.123350070684798,NA,0.0857052613130148,0.20510502911264,0.260678405656369,235.297601541966,NA
"Psychotria_oblonga",0.41780856462836,0.0401366875448573,0.0829128765821392,0.0337253091178793,0.110173723803443,0.111442059849094,0.0791907054458982,0.15087962081128,0.0422915486219187,0.138767874945963,0.0888740955487198,988.379030647055,NA
"Psychotria_oinochrophylla",0.414914952626315,0.0389801869289976,0.0310680738400866,0.0461920113503587,0.0434860178769602,0.0460908057131419,0.096341118747522,0.177933412353849,0.167120772266752,0.113182782388058,0.21826184784765,479.822973932103,NA
"Psychotria_paniculata",0.423103719295328,0.0430901861564083,0.113953838197968,0.0428204881863008,0.147258675490762,0.152785449102734,0.198214688042844,0.230693413416033,0.1130270191261,0.134369132659335,0.247406024240113,1255.79647376613,NA
"Psychotria_patentinervia",0.392487801742114,0.0649160239564305,0.0361029277863081,0.0324323541707053,0.0311897820940609,0.0595521337867298,0.0454625841347696,0.414469534036923,0.0950275452498279,0.0807366294466753,0.223883844788868,270.172256405206,NA
"Psychotria_phyllocalymma",0.375811493001412,0.115009692675457,0.0407812627983333,0.097655086518086,0.0383787054862284,0.04907545057044,0.166886238305202,0.615885741817431,0.307279122831369,0.10019744581282,0.433299233182217,242.645346721742,NA
"Psychotria_prancei",0.414250966474797,0.0513145094554751,0.00976260032196271,0.068370000420696,0.00750453132792951,0.0145771477578889,0.0348570206760429,0.271973282474543,0.0669497894364588,0.105006528218051,0.277953349687524,83.4735045089002,NA
"Psychotria_pseudinundata",0.404199820661197,0.0393774905757716,0.0108307323760729,0.0352642644947703,0.0145569775561313,0.0265732288927057,0.0912022745073979,0.249633292569376,0.105173860054853,0.152659850983165,0.229895342857934,178.261545030491,NA
"Psychotria_rhombibractea",0.412661771473355,0.0394807258214632,0.00737173781359739,0.0536033762273539,0.00319522574456555,0.0058031369237428,0.0268647830980855,0.228654198992589,0.0569917796919283,0.0622987602562827,0.200308803814873,37.1333654665219,NA
"Psychotria_rhytidocarpa",0.40344393532974,0.0420939823116896,0.0268694742350146,0.0374793783311442,0.02921801519172,0.0456730058647004,0.0707451034440299,0.318863211411789,0.0835498779794359,0.104247706067925,0.269391708192243,315.285731068033,NA
"Psychotria_rosea",0.424536712335848,0.0597195964535817,0.0287789026783378,0.0759421950818286,0.0309673125852056,0.0401248751005289,0.0930807929278184,0.522479265963707,0.177822021884774,0.239689520383532,0.471953845425775,337.537518536736,NA
"Psychotria_ruelliifolia",0.423258849142184,0.0579101989131324,0.0381032307191621,0.0466402451153567,0.0376849349176787,0.0683596508401296,0.0683676465945738,0.30752291351945,0.0919276695369201,0.104082635588245,0.2039562641878,303.523061059909,NA
"Psychotria_spathicalyx",0.40525356434095,0.0979389943432406,0.0334753433643252,0.0907351238394745,0.0383918463495862,0.0729858570743931,0.151942858890587,0.394267759408085,0.305852207739521,0.161591831213635,0.343821463303503,401.928494235933,NA
"Psychotria_stachyoides",0.427886310947404,0.0777160622404797,0.0356431595808406,0.0844353906398809,0.0426457563135939,0.0989564773066277,0.119782811369944,0.38144427085035,0.237801018724979,0.143248270917486,0.328164117662359,419.210026944382,NA
"Psychotria_stipulosa",0.41969208433759,0.0773363521785481,0.0198460212405611,0.111491161918587,0.0165183621404254,0.0286821175183961,0.0620836917683454,0.804668711383215,0.251142430964001,0.206231522751211,0.581038787683094,187.875024611944,NA
"Psychotria_suterella",0.430070356119769,0.0558792364774269,0.032853719354076,0.0371704040199148,0.0440659692913867,0.0603015531904583,0.0917379850585131,0.281544635505429,0.213427266226689,0.0874911230003857,0.212540703396941,359.896260570783,NA
"Psychotria_ulviformis",0.414111589411665,0.0449840119993513,0.0223554893736947,0.0634496054930531,0.0190380699119365,0.0207803202797435,0.0711039772442757,0.405578899405502,0.174916820219593,0.188720394465913,0.261821669676411,204.63316769495,NA
"Psychotria_urceolata",0.407811084302812,0.0391956506560719,0.0137413889784129,0.0458831007668847,0.0104692338971509,0.014589653536294,0.0951146621779912,0.285795808686911,0.163624485081982,0.17000092908498,0.232897584893638,73.7182307411447,NA
"Psychotria_variegata",0.419916651854605,0.0465923122407814,0.0197989981515904,0.05434219815339,0.0180670015520485,0.022687195318783,0.0765990990246709,0.287291571261366,0.0827584975694797,0.138998800801423,0.301191846380797,198.773166373978,NA
"Psychotria_venulosa",0.416043537480983,0.0510665975780309,0.0461371741679676,0.060992271462107,0.0518564992791305,0.0634323138318627,0.123565763321316,0.391169240215111,0.192886243575961,0.126858085824324,0.384598278614817,536.815515922296,NA
