species,area,wc2.1_5m_bio_2,wc2.1_5m_bio_5,wc2.1_5m_bio_7,wc2.1_5m_bio_8,wc2.1_5m_bio_9,wc2.1_5m_bio_13,wc2.1_5m_bio_14,wc2.1_5m_bio_15,wc2.1_5m_bio_18,wc2.1_5m_bio_19,elev
Carapichea_urniformis,E2,0.942504118,1.433097474,1.031852618,1.331373321,1.318876889,2.496929648,1.568201724,1.837673403,2.530199698,2.152288344,1037
Palicourea_acetosoides,A,0.945985325,1.354262141,0.996993013,1.240066647,1.245681407,2.46834733,1.954242509,1.520172691,2.756636108,2.825100318,1903
Palicourea_acuminata,E,0.966616737,1.49347198,1.04637812,1.403028954,1.405443131,2.561101384,1.770852012,1.682490766,2.721810615,2.887335839,239
Palicourea_aeneofusca,E,0.926342474,1.46431067,1.075765848,1.367951981,1.367430488,2.374748346,1.380211242,1.807372197,2.463892989,2.640481437,468
Palicourea_aetantha,E2,0.911907386,1.486331276,1.008259391,1.408095731,1.392016549,2.553883027,1.944482672,1.701556286,2.636487896,2.511883361,286
Palicourea_albaniana,A,1.047248887,1.424554975,1.114644336,1.303847378,1.29185334,2.167317335,1.806179974,1.425893791,2.531478917,2.359835482,1561
Palicourea_albiflora,A,0.922372322,1.245611362,0.983842737,1.098557225,1.103752412,2.37471355,1.857332496,1.545265088,2.641474111,2.745855195,2661
Palicourea_amapaensis,E,0.925127251,1.50374983,1.037047773,1.407130183,1.423319607,2.525044807,1.851258349,1.696429158,2.509202522,2.931966115,119
Palicourea_amethystina,A,0.968342828,1.288226876,1.032497864,1.132366441,1.119983336,2.271841607,1.716003344,1.550750395,2.597695186,2.472756449,2749
Palicourea_amorimii,E,0.84514975,1.442994612,1.049644296,1.360747981,1.32882453,2.173186268,1.995635195,1.109390305,2.583198774,2.579783597,377
Palicourea_anceps,A,0.983032062,1.301941054,1.063408408,1.164437112,1.155513176,2.274157849,1.857332496,1.459590603,2.540329475,2.499687083,2551
Palicourea_andaluciana,A,0.946636457,1.201041898,0.980503312,1.05456839,1.064963111,2.390935107,1.857332496,1.555728166,2.666517981,2.73479983,2836
Palicourea_anderssoniana,A,0.936492811,1.327358934,0.992597711,1.218867944,1.213238774,2.491361694,1.568201724,1.765404222,2.909020854,2.599883072,1987
Palicourea_andrei,A,0.981890301,1.36520709,1.057361752,1.23451308,1.236239062,2.371067862,1.973127854,1.452603322,2.633468456,2.785329835,1993
Palicourea_antioquiana,A,0.978070154,1.471086259,1.042181613,1.380862183,1.381340747,2.550228353,2.068185862,1.463312477,2.731588765,2.945960704,783
Palicourea_apicata,A,0.934881221,1.248586253,1.030275846,1.110561667,1.113759579,2.322219295,1.62324929,1.6581683,2.586587305,2.589949601,2741
Palicourea_atlantica,F,0.792725126,1.457881908,0.999739323,1.385999293,1.357855478,2.315970345,2.071882007,1.246255299,2.697229343,2.7084209,131
Palicourea_azulina,A,1.096904248,1.376230115,1.193986778,1.225231745,1.199233933,2.214843848,1.414973348,1.754104248,2.517195898,1.954242509,2358
Palicourea_beachiana,C,0.938667152,1.4920756,1.04265413,1.394990162,1.403083313,2.675778342,2.008600172,1.624842125,2.773786445,3.016197354,274
Psychotria_berteroana,C,0.961737409,1.459377405,1.074011439,1.364438404,1.343539893,2.542825427,1.748188027,1.693607254,2.706717782,2.580924976,610
Palicourea_boqueronensis,out,0.999431421,1.288919623,1.099162478,1.120656187,1.116646497,2.193124598,1.643452676,1.533167561,2.580924976,2.514547753,2758
Palicourea_botryocephala,E2,0.984497337,1.437306527,1.092229215,1.338771821,1.323197067,2.11058971,1.255272505,1.71816974,2.431363764,1.995635195,952
Psychotria_brachypoda,F,0.959013555,1.451448275,1.239324506,1.365327276,1.208203905,2.346352974,1.903089987,1.59448217,2.778874472,2.42975228,238
Palicourea_bracteocardia,E2,0.926342474,1.48873398,1.057818259,1.394168466,1.412502562,2.460897843,1.62324929,1.7760641,2.436162647,2.73479983,118
Palicourea_breedlovei,C,1.053907147,1.443919798,1.218088872,1.313090015,1.285497286,2.552966176,1.740362689,1.834828861,2.765609131,2.386490725,1534
Palicourea_brevicollis,out,1.079316936,1.489888206,1.310225838,1.357226305,1.227076459,2.278753601,1.892094603,1.398949092,2.668385917,2.456366033,287
Palicourea_calidicola,C,0.928225094,1.498719435,1.040997683,1.403060457,1.411333432,2.673020907,2.064457989,1.582676742,2.773786445,3.018700499,182
Palicourea_callithrix,E,0.958300999,1.502024051,1.062487661,1.402663512,1.41332909,2.5774918,1.86923172,1.668903722,2.467577224,2.922725458,202
Palicourea_calophylla,E,0.935875397,1.50138738,1.046807217,1.405775947,1.417740129,2.592176757,1.857332496,1.700348179,2.469822016,2.936010796,119.5
Palicourea_calothyrsus,A,0.982798702,1.318230351,1.032739643,1.184416938,1.177810545,2.348304863,1.278753601,1.706478696,2.652246341,2.409933123,2157
Palicourea_canarina,A,1.00515546,1.392169151,1.076640455,1.262716018,1.255778884,2.195899652,1.819543936,1.39998842,2.475671188,2.398799944,1840
Palicourea_candida,A,0.980321593,1.37162194,1.043126423,1.242963585,1.252173149,2.450249108,2.017033339,1.429337007,2.653212514,2.865103975,1807
Palicourea_caprifoliacea,A,0.988844991,1.327399824,1.065206088,1.182989716,1.173705751,2.26245109,1.77815125,1.573635511,2.531478917,2.401400541,2413
Palicourea_cenepensis,E2,0.977262405,1.465338237,1.038500945,1.364666656,1.353755998,2.478528144,2.23758126,1.26775109,2.828659897,2.850646235,987
Palicourea_colorata,E2,0.979020739,1.495405549,1.052175453,1.396501567,1.411538327,2.494154594,1.643452676,1.778056642,2.59439255,2.888179494,493
Palicourea_conephoroides,E2,1.054651335,1.437782269,1.172515311,1.325673003,1.290824522,2.320146286,1.544068044,1.752478567,2.64246452,2.136720567,1460
Palicourea_coriacea,E,1.076203389,1.470865999,1.238271978,1.36408801,1.307631515,2.457881897,1,1.888680134,2.675778342,1.770852012,767
Palicourea_correae,C,0.908167696,1.446676937,1.036948132,1.353996348,1.363969035,2.565847819,1.491361694,1.74713347,2.655138435,2.951337519,763
Palicourea_corymbifera,E,0.969023543,1.50374983,1.053270652,1.4159772,1.422108106,2.499687083,1.86923172,1.662236378,2.640481437,2.892094603,133
Palicourea_crocea,E,0.998796812,1.497924344,1.132867803,1.408035165,1.374551713,2.440909082,1.716003344,1.679082514,2.670245853,2.428134794,216
Palicourea_croceoides,E,0.961547664,1.499288326,1.063070515,1.406491906,1.389313776,2.489958479,1.785329835,1.682163007,2.639486489,2.525044807,252
Palicourea_deflexa,E,0.986260281,1.485607857,1.098158959,1.383291628,1.377888801,2.499687083,1.612783857,1.731879755,2.648360011,2.797959644,401
Palicourea_demissa,A,0.946800106,1.330007684,1.014814454,1.220478552,1.229745813,2.356025857,1.568201724,1.630012073,2.668385917,2.688419822,1992
Palicourea_dichotoma,E,0.903542135,1.47852321,1.049101624,1.391601997,1.389423034,2.460897843,1.84509804,1.702678655,2.499687083,2.804139432,248
Palicourea_didymocarpos,E,1.016451814,1.49934337,1.129786528,1.410375064,1.388372103,2.472746602,1.72427587,1.718140028,2.713490543,2.421526022,241
Palicourea_diminuta,E,0.940325518,1.498186441,1.038421415,1.407390924,1.412863583,2.531478917,1.770852012,1.699739192,2.469822016,2.773054693,262
Palicourea_divaricata,F,0.869383321,1.454905805,1.051384031,1.365322583,1.345252801,2.190331698,1.86332286,1.32491077,2.499687083,2.469822016,321
Palicourea_domingensis,C,1.02253836,1.511495673,1.203848458,1.409321531,1.382761274,2.542191608,1.759651425,1.818645476,2.774880388,2.414973348,341
Palicourea_egensis,E,0.958394541,1.504919195,1.06866819,1.409361004,1.42456314,2.534026106,1.991226076,1.565793138,2.669316881,2.959041392,196
Palicourea_elata,C,0.959021521,1.416673773,1.075984674,1.293211478,1.310193965,2.619093331,1.698970004,1.722136495,2.630427875,2.846337112,1197
Palicourea_ernestii,E2,0.942504118,1.436299506,1.031852618,1.331373321,1.322061147,2.526339277,1.73239376,1.766328512,2.593286067,2.336459734,1037
Palicourea_eurycarpa,C,0.939905968,1.438573985,1.051113938,1.33725622,1.343539893,2.596597096,1.62324929,1.722136495,2.555094449,2.804139432,890
Palicourea_fanshawei,E2,0.946710119,1.453807398,1.036029722,1.35323641,1.344185894,2.514547753,1.73239376,1.720870697,2.611723308,2.439332694,769
Palicourea_flavescens,A,0.96893413,1.202542815,1.026819124,1.035603176,1.031415207,2.305351369,2.021189299,1.281518146,2.689308859,2.663700925,3007.5
Palicourea_flaviflora,E2,1.028499887,1.47824897,1.101850126,1.377964613,1.369243709,2.46686762,2.002117683,1.621904928,2.770852012,2.649330492,626
Palicourea_frontinoensis,A,0.965221333,1.471086259,1.030963855,1.380862183,1.381340747,2.550228353,2.068185862,1.463312477,2.826074803,2.945960704,783
Palicourea_fuchsioides,A,0.993362741,1.255537818,1.03261875,1.11212444,1.099289201,2.164352856,1.301029996,1.685530893,2.557507202,2.029383778,2741
Palicourea_fulgens,F,0.979631808,1.480940669,1.19672871,1.38319278,1.310431296,2.294466226,1.728334815,1.690087671,2.567024771,2.224012876,193
Palicourea_garciae,A,0.945272788,1.330636937,1.002856925,1.220478552,1.230653232,2.488550717,1.86923172,1.591823984,2.747002118,2.812913357,1923
Palicourea_gardenioides,C,0.976642877,1.522554422,1.221101133,1.414048132,1.37844936,2.563481085,1.431363764,1.855803295,2.694605199,2.382017043,118
Palicourea_gemmiflora,A,1.029025108,1.432488251,1.088419596,1.317767441,1.303681925,2.214843848,1.886490725,1.286199068,2.555678312,2.460897843,1392
Palicourea_glabra,E,0.937258732,1.501374245,1.037466303,1.406909046,1.41708122,2.613841822,1.86332286,1.688355885,2.499687083,2.95616843,108
Palicourea_gracilenta,E,0.97902452,1.498489756,1.071845123,1.396931265,1.410332881,2.559906625,1.826074803,1.663599772,2.716837723,2.921686475,392
Palicourea_graciliflora,A,0.969419809,1.368045024,1.025633503,1.246293355,1.255778884,2.4448245,2.017033339,1.452491165,2.652246341,2.838849091,1640
Palicourea_grandiceps,E2,0.971171436,1.431556727,1.021850608,1.323870605,1.335838844,2.654176542,2.338456494,1.319152826,2.919078092,3.061452479,986
Palicourea_grandiflora,E,1.018911921,1.502003532,1.124373786,1.408641278,1.394985459,2.496929648,1.812913357,1.716057374,2.73479983,2.527629901,222
Palicourea_grandifructa,C,1.006780889,1.508798972,1.119530802,1.403028954,1.411257636,2.72427587,1.681241237,1.769813704,2.778874472,3.027757205,182
Palicourea_guianensis,E,0.957974259,1.494669311,1.039652074,1.404051552,1.408330434,2.546542663,1.857332496,1.662236378,2.678518379,2.892094603,218
Palicourea_harlingii,A,0.971804443,1.393141381,1.035715779,1.277395124,1.285021034,2.390575984,2.0060388,1.437036816,2.624282096,2.816903839,1519
Palicourea_heterochroma,A,1.012394281,1.330007684,1.056447477,1.198492125,1.18763461,2.439332694,1.819543936,1.572532617,2.686636269,2.812563584,2297
Palicourea_huampamiensis,E,0.975806938,1.495433319,1.046456206,1.40493059,1.410197806,2.519827994,2.181843588,1.309129937,2.798650645,2.920645001,238
Palicourea_hypochlorina,E2,0.96770988,1.496729039,1.038635755,1.418147937,1.417878386,2.457881897,2.173186268,1.306100248,2.808210973,2.839478047,146
Palicourea_jambosioides,F,0.837819853,1.469498024,1.039295138,1.38738982,1.367216096,2.255272505,2.068185862,1.289689796,2.660865478,2.64246452,50
Palicourea_lupulina,E,0.975305381,1.505312822,1.10656484,1.407951474,1.420953649,2.514547753,1.698970004,1.715400683,2.536558443,2.871572936,171
Palicourea_lachnantha,E,0.993994332,1.502509051,1.06167858,1.418414539,1.411111598,2.457881897,2.155336037,1.336027264,2.844477176,2.686636269,132
Palicourea_lasiantha,E,1.017026394,1.494808324,1.101128167,1.402791368,1.389077459,2.477121255,1.991226076,1.533510294,2.770852012,2.605305046,281
Palicourea_lasiorrhachis,A,0.970567706,1.372635864,1.067145241,1.244116263,1.254982854,2.610660163,1.785329835,1.698090001,2.815577748,2.729974286,1721
Palicourea_lehmannii,A,0.983351852,1.414287952,1.028530621,1.300809184,1.309768521,2.372912003,1.832508913,1.517413551,2.646403726,2.778874472,1446
Palicourea_lineata,A,1.038371749,1.346489907,1.108936982,1.205628376,1.180168914,2.214843848,1.431363764,1.706478696,2.525013846,2.158362492,2296
Palicourea_lobbii,A,0.987666277,1.321184043,1.071746705,1.168006145,1.155513176,2.164352856,1.78527147,1.480767492,2.394451681,2.367351921,2506
Palicourea_longiflora,E,0.953022361,1.504008461,1.051461234,1.409282022,1.420439878,2.556300825,1.851258349,1.687106797,2.503790683,2.903361252,123
Palicourea_loxensis,A,0.994962019,1.370679598,1.06911283,1.23451308,1.236239062,2.214843848,1.77815125,1.396117729,2.436162647,2.369215857,2056
Palicourea_luteonivea,A,1.010013925,1.432744881,1.076640455,1.320817635,1.321351939,2.309630167,1.897627091,1.404646265,2.589949601,2.611723308,1365
Palicourea_macarthurorum,E,0.965123229,1.488649397,1.028530621,1.397022452,1.405451635,2.517195898,2.227818267,1.321683415,2.818885415,2.837902914,281
Palicourea_macbridei,A,1.088026766,1.365581571,1.177940311,1.216095519,1.193546624,2.149219113,1.361727836,1.752478567,2.423245874,1.886490725,2441
Palicourea_macrobotrys,E,1.049182476,1.486472938,1.2112941,1.386516798,1.324570524,2.359835482,1.716003344,1.734512445,2.718501689,2.255272505,440.5
Palicourea_mansoana,E,1.021836823,1.483401848,1.115943159,1.390278436,1.372792374,2.463892989,1.924279286,1.621904928,2.834420704,2.441694426,477
Palicourea_marcgravii,E,1.049046727,1.454425599,1.206731347,1.345362297,1.287906192,2.356025857,1.322219295,1.807890538,2.611723308,2.019111319,723
Palicourea_mediocris,C,0.960304264,1.502891207,1.130751792,1.417853511,1.399434298,2.719331287,1.86923172,1.781879267,2.86569606,2.615950052,333
Palicourea_minutiflora,out,0.845568289,1.444388354,1.051384031,1.360747981,1.32882453,2.181843588,1.897627091,1.278319721,2.562292864,2.501059262,377
Palicourea_nigricans,E,0.985220583,1.490576456,1.053097621,1.397493893,1.407934507,2.498310554,2.141446943,1.373697947,2.812913357,2.804820679,244
Palicourea_nitidella,E,1.001474114,1.520784753,1.09321146,1.415996621,1.427459057,2.539076099,1.84509804,1.705461051,2.58546073,2.943988875,100
Palicourea_officinalis,E,1.050763097,1.449370385,1.221335963,1.33125852,1.283553733,2.421603927,0.903089987,1.901162409,2.627365857,1.672097858,1066
Palicourea_ostreophora,E,0.973993305,1.45954325,1.043460461,1.358575641,1.364844801,2.542202335,2.249196634,1.362767001,2.804820145,2.944975908,773.5
Palicourea_perquadrangularis,A,0.95773096,1.403892284,1.017659312,1.298860353,1.294076575,2.519827994,1.875061263,1.614540605,2.742725131,2.850646235,1456
Palicourea_persearum,C,1.007957473,1.445619755,1.173361121,1.326342675,1.289507205,2.359835482,1.255272505,1.870503635,2.624282096,1.939519253,1133
Palicourea_polycephala,E,0.934475259,1.505800936,1.030882856,1.415996621,1.426871659,2.525044807,1.799340549,1.712744521,2.498972639,2.895974732,121
Palicourea_prunifolia,E,1.050508656,1.492690552,1.219034107,1.380720655,1.350089671,2.445604203,1,1.884569398,2.632457292,1.792391689,572
Palicourea_pubescens,C,1.016573744,1.501606919,1.150695015,1.387247415,1.368410861,2.551449998,1.176091259,1.892077865,2.602059991,2.322219295,450
Palicourea_pyramidalis,A,0.907809818,1.330007684,0.951240291,1.220478552,1.230653232,2.307496038,1.568201724,1.620650885,2.624282096,2.737987326,1923
Palicourea_quadrifolia,E,0.92861323,1.501928351,1.033162177,1.409737329,1.418850735,2.564664452,1.851258349,1.687951167,2.51851394,2.904174368,119
Palicourea_quinquepyrena,A,1.00515546,1.419608824,1.073021466,1.305666578,1.298361774,2.212187604,1.929418926,1.286199068,2.523746467,2.62324929,1472
Palicourea_racemosa,out,0.968957441,1.501130157,1.070942467,1.405112879,1.411044133,2.575186309,1.73239376,1.714760218,2.581464327,2.934498451,183
Palicourea_rhodothamna,E,0.973479777,1.49872398,1.044951137,1.418004213,1.411664605,2.484299839,2.164352856,1.341805797,2.818885415,2.783903579,132
Palicourea_rigida,E,1.058783377,1.456942692,1.224804908,1.355052217,1.287159531,2.42975228,1.176091259,1.87788138,2.661812686,1.826074803,753
Palicourea_rigidifolia,A,0.956396578,1.431202881,1.01069874,1.318824774,1.33102554,2.517195898,1.916382152,1.58792565,2.797959644,2.884795364,1300
Palicourea_sessilis,F,1.035377941,1.427729473,1.250419984,1.323595803,1.194958132,2.372912003,1.544068044,1.79686879,2.764176132,2.136720567,790
Palicourea_sodiroi,A,0.936492811,1.370642587,0.987800267,1.277288264,1.269835845,2.46686762,1.51851394,1.762141833,2.86569606,2.530199698,1507
Palicourea_sopkinii,A,0.893525989,1.394206433,0.941859161,1.306803736,1.314825409,2.558708571,2.170261715,1.426458746,2.894316063,2.942999593,1210
Palicourea_standleyana,A,0.907809818,1.330007684,0.951240291,1.220478552,1.230653232,2.307496038,1.568201724,1.620650885,2.624282096,2.737987326,1923
Palicourea_stenosepala,A,0.996084639,1.370679598,1.058662231,1.23451308,1.236239062,2.206825876,1.755874856,1.461099604,2.572290217,2.372896407,2056
Palicourea_stenostachya,out,0.983487222,1.485380673,1.049101624,1.391661267,1.395353608,2.477121255,2.212187604,1.319152826,2.80140371,2.845718018,389
Palicourea_stipularis,A,0.907809818,1.330007684,0.951240291,1.220478552,1.230653232,2.307496038,1.568201724,1.620650885,2.624282096,2.737987326,1923
Palicourea_subfusca,out,0.998128496,1.491725775,1.077438981,1.400523589,1.38310591,2.491361694,2.041392685,1.416266611,2.828015064,2.64738297,281
Palicourea_sucllii,A,1.107173216,1.384514704,1.204418449,1.248034588,1.194190466,2.29666519,1.431363764,1.794467618,2.615950052,2.064457989,2357
Palicourea_sulphurea,A,0.991407563,1.332094924,1.082534068,1.191827564,1.17627942,2.270677275,1.633468456,1.639284127,2.569958425,2.399673721,2370.5
Palicourea_tetragona,C,0.977597852,1.502672862,1.139312233,1.410411672,1.398241026,2.64738297,1.770852012,1.781494425,2.78604121,2.574606476,216.5
Palicourea_thermydri,A,0.949459136,1.412981061,1.001993153,1.309729509,1.313958579,2.517195898,2.045322979,1.517820483,2.877946952,2.882524538,1475
Palicourea_thyrsiflora,A,0.987487488,1.382485314,1.040641889,1.265788375,1.2714621,2.421603927,1.826074803,1.534722341,2.668385917,2.75281372,1682
Palicourea_tomentosa,E2,0.965127184,1.489740295,1.040997683,1.40038831,1.402845788,2.583198774,1.900289811,1.642031536,2.751279104,2.930439595,262
Palicourea_topoensis,out,0.974787926,1.405585391,1.025264735,1.287764401,1.298954914,2.598790507,2.230899279,1.414911397,2.835690571,3.010723865,1389
Palicourea_trianae,A,0.939290387,1.442542486,0.978956098,1.36302565,1.348866018,2.611723308,2.250420002,1.387959345,2.928395852,2.92890769,627
Palicourea_triphylla,E,1.006105758,1.501107192,1.106139836,1.406724652,1.404890713,2.563481085,1.707570176,1.722460555,2.716003344,2.793789823,258
Palicourea_ulloana,A,0.996084639,1.370679598,1.06081113,1.23451308,1.236239062,2.367355921,1.986771734,1.423231495,2.586587305,2.776701184,2056
Palicourea_umbelliformis,C,0.920562453,1.471159636,1.025879096,1.368606053,1.376105293,2.640481437,1.484241474,1.74713347,2.710963119,2.95568775,524
Palicourea_valerioana,out,0.908167696,1.438573985,1.036948132,1.33725622,1.343539893,2.565847819,1.568201724,1.722136495,2.46686762,2.804139432,890
Palicourea_winkleri,E,0.987528495,1.486812887,1.051036685,1.378119181,1.380651356,2.511883361,1.973127854,1.545579023,2.717670503,2.888179494,524
Palicourea_woronovii,E,0.986110848,1.487293892,1.047839283,1.393893843,1.405964235,2.545307116,2.01047053,1.519584731,2.736641274,2.951574849,316
Palicourea_yneziae,E2,1.020319844,1.497703488,1.076567612,1.408449145,1.404403211,2.361727836,2.1430148,1.265495632,2.752048448,2.725094521,414
Psychotria_bertieroides,E,0.975887285,1.485579479,1.04182675,1.392515228,1.400117609,2.532754379,2.167317335,1.344182144,2.806179974,2.925312091,401
Psychotria_bolivarensis,E2,0.957160171,1.487816861,1.006037929,1.394912594,1.408771183,2.516534871,2.1430148,1.434251194,2.767525474,2.87820698,251.5
Psychotria_bremekampiana,E,0.908752995,1.503586424,1.002122837,1.415996621,1.424500528,2.498310554,1.851258349,1.662236378,2.605305046,2.904174368,108
Psychotria_everardii,E,1.006972086,1.444107293,1.068964691,1.331373321,1.325358261,2.51851394,1.698970004,1.77030355,2.705007959,2.372912003,1216
Psychotria_hebeclada,C,0.967302201,1.492648646,1.040997683,1.409738736,1.405943683,2.545307116,1.662757832,1.76177709,2.653212514,2.8162413,201.5
Psychotria_hemicephaelis,E2,0.952110031,1.44970977,1.039533053,1.346884115,1.343661293,2.526339277,1.72427587,1.705831647,2.618048097,2.481442629,832
Psychotria_limitanea,E,0.961780875,1.496915819,1.032578445,1.41898867,1.420054812,2.519827994,2.214843848,1.329058926,2.818885415,2.804820679,107
Psychotria_lindenii,E,0.973939478,1.460627263,1.015150084,1.36471981,1.377178716,2.532754379,2.012837225,1.516246734,2.726727209,2.880813592,871
Psychotria_luxurians,C,0.934010047,1.462996626,1.034427859,1.378322192,1.376105293,2.606381365,1.986771734,1.582676742,2.743509765,2.965671971,506
Psychotria_muscosa,E2,0.929555144,1.486505492,1.027920118,1.40237891,1.40578449,2.526339277,1.806179974,1.663564724,2.567026366,2.660865478,284
Psychotria_oblonga,E2,0.932118446,1.496500667,1.047664189,1.404177807,1.414976152,2.604226053,1.832508913,1.700819215,2.489958479,2.922725458,140
Psychotria_oinochrophylla,E,1.022302814,1.461881004,1.085754264,1.355104817,1.353755998,2.346352974,1.973127854,1.382716974,2.655138435,2.62324929,1059.5
Psychotria_paniculata,E,0.983678889,1.319460028,1.074889582,1.179479986,1.172286621,2.304273713,1.662757832,1.654744394,2.551449998,2.547774705,2393.5
Psychotria_patentinervia,F,0.967556042,1.459266796,1.229300382,1.382215224,1.262401639,2.482873584,1.903089987,1.629838831,2.937016107,2.421603927,321
Psychotria_phyllocalymma,F,0.860649563,1.460672375,1.059320464,1.360189339,1.346052303,2.187484093,1.875061263,1.316589263,2.555094449,2.578062473,321
Psychotria_prancei,E,0.906855606,1.50374983,0.997823031,1.415996621,1.426478728,2.484299839,1.851258349,1.662236378,2.59439255,2.931966115,86
Psychotria_rhombibractea,E,0.906855606,1.50374983,0.997823031,1.415996621,1.426478728,2.484299839,1.851258349,1.662236378,2.59439255,2.931966115,86
Psychotria_rhytidocarpa,F,1.05903457,1.461273356,1.259068034,1.349024842,1.242528916,2.380211242,1.322219295,1.865600722,2.703291378,1.875061263,607
Psychotria_ruelliifolia,F,1.022809683,1.426283495,1.235932244,1.325423303,1.205695957,2.392696953,1.505149978,1.806861379,2.761175813,2.049218023,787
Psychotria_spathicalyx,F,1.03097396,1.443245843,1.212200853,1.346431191,1.279940574,2.29666519,1.537773481,1.724947012,2.667452953,2.123851641,635.5
Psychotria_stachyoides,F,1.022008869,1.422983567,1.239924813,1.316096195,1.197289762,2.361727836,1.556302501,1.782234787,2.745074792,2.161368002,874
Psychotria_suterella,F,0.991528792,1.426364845,1.253725615,1.327134071,1.180374401,2.33243846,1.892094603,1.585233293,2.748962861,2.42975228,689
Psychotria_ulviformis,E,0.961824382,1.500222748,1.054728021,1.405710534,1.414921828,2.551449998,1.857332496,1.686481102,2.49761571,2.933486108,207
Psychotria_urceolata,E2,0.944457972,1.495322283,1.048674847,1.403535173,1.413232685,2.572871602,1.897627091,1.68287622,2.498310554,2.915399835,166
Psychotria_variegata,E,0.958300999,1.502679696,1.064981834,1.406723236,1.416472677,2.572290217,1.851258349,1.695207218,2.489958479,2.922725458,168.5
Psychotria_venulosa,E,1.016573784,1.495225096,1.086431009,1.400932119,1.399067718,2.539076099,1.963787827,1.624838745,2.729974286,2.935507266,361